geo,year,population_arrived
abw,2013,1
abw,2015,2
abw,2016,1
afg,1990,50
afg,1991,38
afg,1992,60025
afg,1993,32132
afg,1994,19131
afg,1995,19605
afg,1996,18775
afg,1997,5
afg,2001,6
afg,2002,3
afg,2003,22
afg,2004,30
afg,2005,32
afg,2006,35
afg,2007,42
afg,2008,37
afg,2009,37
afg,2010,6434
afg,2011,3009
afg,2012,16187
afg,2013,16863
afg,2014,300423
afg,2015,257554
afg,2016,59771
afg,2017,75927
afg,2018,72228
ago,1976,10000
ago,1977,235000
ago,1978,141550
ago,1979,66000
ago,1980,75000
ago,1981,91700
ago,1982,96280
ago,1983,96280
ago,1984,92260
ago,1985,91520
ago,1986,92250
ago,1987,91210
ago,1988,90350
ago,1989,12899
ago,1990,11557
ago,1991,11022
ago,1992,11002
ago,1993,10878
ago,1994,10686
ago,1995,10884
ago,1996,9381
ago,1997,9364
ago,1998,10605
ago,1999,13071
ago,2000,12086
ago,2001,12250
ago,2002,12250
ago,2003,13382
ago,2004,13970
ago,2005,13984
ago,2006,13090
ago,2007,12069
ago,2008,12710
ago,2009,14734
ago,2010,15155
ago,2011,16223
ago,2012,23413
ago,2013,23783
ago,2014,15474
ago,2015,15555
ago,2016,15555
ago,2017,41117
ago,2018,39856
aia,2015,1
aia,2016,1
alb,1992,3000
alb,1993,3000
alb,1994,3000
alb,1995,4720
alb,1996,4925
alb,1997,30
alb,1998,22332
alb,1999,3930
alb,2000,523
alb,2001,292
alb,2002,17
alb,2003,26
alb,2004,51
alb,2005,56
alb,2006,56
alb,2007,77
alb,2008,65
alb,2009,70
alb,2010,76
alb,2011,82
alb,2012,86
alb,2013,93
alb,2014,104
alb,2015,104
alb,2016,138
alb,2017,101
alb,2018,107
are,1968,300
are,1969,300
are,1971,870
are,1972,870
are,1973,3200
are,1974,1200
are,1976,4000
are,1977,390
are,1978,390
are,1979,590
are,1980,2490
are,1981,6090
are,1982,3690
are,1983,4090
are,1984,5170
are,1985,26350
are,1989,70
are,1993,433
are,1994,381
are,1995,407
are,1996,464
are,1997,519
are,1998,529
are,1999,501
are,2000,562
are,2001,556
are,2002,163
are,2003,160
are,2004,105
are,2005,104
are,2006,174
are,2007,159
are,2008,209
are,2009,279
are,2010,538
are,2011,677
are,2012,631
are,2013,603
are,2014,417
are,2015,663
are,2016,895
are,2017,878
are,2018,1147
arg,1969,32000
arg,1970,35000
arg,1971,34000
arg,1972,33000
arg,1973,37000
arg,1974,47000
arg,1975,46000
arg,1976,41010
arg,1977,35000
arg,1978,26390
arg,1979,27050
arg,1980,26460
arg,1981,26500
arg,1982,11500
arg,1983,11500
arg,1984,11500
arg,1985,14000
arg,1986,14000
arg,1987,13580
arg,1988,13578
arg,1989,12634
arg,1990,11735
arg,1991,11529
arg,1992,11515
arg,1993,11636
arg,1994,11901
arg,1995,10314
arg,1996,10430
arg,1997,10522
arg,1998,2270
arg,1999,2345
arg,2000,2396
arg,2001,2396
arg,2002,2439
arg,2003,2642
arg,2004,2916
arg,2005,3074
arg,2006,3158
arg,2007,3263
arg,2008,2845
arg,2009,3230
arg,2010,3276
arg,2011,3361
arg,2012,3488
arg,2013,3362
arg,2014,3498
arg,2015,3207
arg,2016,3293
arg,2017,3299
arg,2018,3402
arm,1992,300000
arm,1993,334000
arm,1994,304039
arm,1995,218950
arm,1996,218950
arm,1997,219000
arm,1998,310012
arm,1999,296216
arm,2000,280591
arm,2001,264337
arm,2002,247550
arm,2003,239289
arm,2004,235235
arm,2005,219550
arm,2006,113714
arm,2007,4566
arm,2008,3953
arm,2009,3607
arm,2010,3296
arm,2011,2918
arm,2012,2854
arm,2013,13732
arm,2014,17640
arm,2015,19319
arm,2016,17886
arm,2017,17963
arm,2018,17956
atg,2015,15
atg,2016,4
aus,1951,180000
aus,1965,40000
aus,1966,40000
aus,1967,44000
aus,1968,43000
aus,1969,42000
aus,1970,42000
aus,1978,304000
aus,1979,304000
aus,1980,304000
aus,1981,317000
aus,1982,317000
aus,1983,317000
aus,1984,89000
aus,1985,89000
aus,1986,85900
aus,1987,87600
aus,1988,90970
aus,1989,97915
aus,1990,97915
aus,1991,53117
aus,1992,52604
aus,1993,53505
aus,1994,57575
aus,1995,62145
aus,1996,67313
aus,1997,66074
aus,1998,69745
aus,1999,64918
aus,2000,60246
aus,2001,57895
aus,2002,59436
aus,2003,56258
aus,2004,63476
aus,2005,64964
aus,2006,68948
aus,2007,22164
aus,2008,20919
aus,2009,22548
aus,2010,21805
aus,2011,23434
aus,2012,30083
aus,2013,34503
aus,2014,35582
aus,2015,36917
aus,2016,42188
aus,2017,48427
aus,2018,56859
aut,1951,282000
aut,1952,238200
aut,1953,215200
aut,1954,150000
aut,1955,110000
aut,1956,140000
aut,1957,68000
aut,1958,53000
aut,1959,44000
aut,1960,39000
aut,1961,34000
aut,1962,30000
aut,1963,27000
aut,1964,25000
aut,1965,25000
aut,1966,24500
aut,1967,24000
aut,1968,24000
aut,1969,25000
aut,1970,25300
aut,1971,25000
aut,1972,25000
aut,1973,25000
aut,1974,25000
aut,1975,20000
aut,1976,25000
aut,1977,20000
aut,1978,20000
aut,1979,25000
aut,1980,15525
aut,1981,17899
aut,1982,34963
aut,1983,37298
aut,1984,39099
aut,1985,40534
aut,1986,41176
aut,1987,41228
aut,1988,39830
aut,1989,39405
aut,1990,34938
aut,1991,34508
aut,1992,62355
aut,1993,57687
aut,1994,40703
aut,1995,34385
aut,1996,89116
aut,1997,84394
aut,1998,80300
aut,1999,82081
aut,2000,15492
aut,2001,14390
aut,2002,14130
aut,2003,16109
aut,2004,17795
aut,2005,21230
aut,2006,25486
aut,2007,30773
aut,2008,37557
aut,2009,38906
aut,2010,42630
aut,2011,47073
aut,2012,51730
aut,2013,55598
aut,2014,60747
aut,2015,72216
aut,2016,93250
aut,2017,115213
aut,2018,128689
aze,1992,246000
aze,1993,228840
aze,1994,231635
aze,1995,233682
aze,1996,233692
aze,1997,233715
aze,1998,221635
aze,1999,221643
aze,2000,287
aze,2001,367
aze,2002,458
aze,2003,326
aze,2004,8606
aze,2005,3004
aze,2006,2618
aze,2007,2352
aze,2008,2061
aze,2009,1642
aze,2010,1891
aze,2011,1730
aze,2012,1468
aze,2013,1380
aze,2014,1299
aze,2015,1278
aze,2016,1193
aze,2017,1115
aze,2018,1120
bdi,1961,30000
bdi,1962,30000
bdi,1963,34000
bdi,1964,78000
bdi,1965,65000
bdi,1966,79000
bdi,1967,79000
bdi,1968,72200
bdi,1969,46200
bdi,1970,38800
bdi,1971,32950
bdi,1972,43390
bdi,1973,49000
bdi,1974,48500
bdi,1975,49500
bdi,1976,49500
bdi,1977,50000
bdi,1978,50340
bdi,1979,50490
bdi,1980,234560
bdi,1981,234590
bdi,1982,253170
bdi,1983,253820
bdi,1984,273810
bdi,1985,267440
bdi,1986,267500
bdi,1987,267500
bdi,1988,267500
bdi,1989,267455
bdi,1990,268403
bdi,1991,270136
bdi,1992,271745
bdi,1993,271883
bdi,1994,300302
bdi,1995,173017
bdi,1996,20733
bdi,1997,22028
bdi,1998,25093
bdi,1999,22109
bdi,2000,27136
bdi,2001,27896
bdi,2002,40533
bdi,2003,40971
bdi,2004,48808
bdi,2005,20681
bdi,2006,13176
bdi,2007,24483
bdi,2008,21093
bdi,2009,24967
bdi,2010,29365
bdi,2011,35659
bdi,2012,41813
bdi,2013,45490
bdi,2014,52936
bdi,2015,53363
bdi,2016,57469
bdi,2017,62353
bdi,2018,71496
bel,1951,55000
bel,1952,53500
bel,1953,53000
bel,1954,53000
bel,1955,53000
bel,1956,65000
bel,1957,69000
bel,1958,63000
bel,1959,58000
bel,1960,55000
bel,1961,53000
bel,1962,51000
bel,1963,50000
bel,1964,47000
bel,1965,47000
bel,1966,40000
bel,1967,34000
bel,1968,33000
bel,1969,30000
bel,1970,31500
bel,1971,29000
bel,1972,29000
bel,1973,20000
bel,1974,11100
bel,1975,16788
bel,1976,17000
bel,1977,17000
bel,1978,17000
bel,1979,32000
bel,1980,33000
bel,1981,35000
bel,1982,21000
bel,1983,35000
bel,1984,36400
bel,1985,36600
bel,1986,35900
bel,1987,22000
bel,1988,23117
bel,1989,25531
bel,1990,25911
bel,1991,24071
bel,1992,24292
bel,1993,24908
bel,1994,19497
bel,1995,31691
bel,1996,36060
bel,1997,36060
bel,1998,15509
bel,1999,16760
bel,2000,18832
bel,2001,12265
bel,2002,12578
bel,2003,12595
bel,2004,13529
bel,2005,15282
bel,2006,16820
bel,2007,17575
bel,2008,17026
bel,2009,15545
bel,2010,17892
bel,2011,22402
bel,2012,22024
bel,2013,25629
bel,2014,29179
bel,2015,35314
bel,2016,42168
bel,2017,42132
bel,2018,42128
ben,1969,1100
ben,1983,50
ben,1984,800
ben,1985,3700
ben,1986,3740
ben,1987,3050
ben,1988,1176
ben,1989,858
ben,1990,456
ben,1991,456
ben,1992,293
ben,1993,156241
ben,1994,70406
ben,1995,23843
ben,1996,5960
ben,1997,2918
ben,1998,2903
ben,1999,3657
ben,2000,4296
ben,2001,4799
ben,2002,5021
ben,2003,5034
ben,2004,4802
ben,2005,30294
ben,2006,10797
ben,2007,7621
ben,2008,6933
ben,2009,7205
ben,2010,7139
ben,2011,7217
ben,2012,4966
ben,2013,194
ben,2014,415
ben,2015,530
ben,2016,809
ben,2017,1055
ben,2018,1157
bfa,1983,70
bfa,1984,100
bfa,1985,90
bfa,1986,220
bfa,1987,270
bfa,1988,260
bfa,1989,360
bfa,1990,350
bfa,1991,320
bfa,1992,5670
bfa,1993,6604
bfa,1994,49990
bfa,1995,29777
bfa,1996,28381
bfa,1997,1801
bfa,1998,564
bfa,1999,675
bfa,2000,696
bfa,2001,457
bfa,2002,457
bfa,2003,466
bfa,2004,492
bfa,2005,511
bfa,2006,511
bfa,2007,535
bfa,2008,557
bfa,2009,543
bfa,2010,531
bfa,2011,546
bfa,2012,39306
bfa,2013,29234
bfa,2014,31894
bfa,2015,34017
bfa,2016,32552
bfa,2017,24151
bfa,2018,25115
bgd,1978,164000
bgd,1990,145
bgd,1991,40260
bgd,1992,245154
bgd,1993,198954
bgd,1994,116228
bgd,1995,51118
bgd,1996,30692
bgd,1997,21603
bgd,1998,22277
bgd,1999,22210
bgd,2000,21627
bgd,2001,22173
bgd,2002,22025
bgd,2003,19792
bgd,2004,20449
bgd,2005,21098
bgd,2006,26311
bgd,2007,27573
bgd,2008,28389
bgd,2009,228586
bgd,2010,229253
bgd,2011,229669
bgd,2012,230697
bgd,2013,231145
bgd,2014,232472
bgd,2015,231958
bgd,2016,276207
bgd,2017,932209
bgd,2018,906635
bgr,1992,218
bgr,1993,450
bgr,1994,1060
bgr,1995,1320
bgr,1996,1430
bgr,1997,390
bgr,1998,240
bgr,1999,547
bgr,2000,1474
bgr,2001,3004
bgr,2002,3658
bgr,2003,4068
bgr,2004,4684
bgr,2005,4413
bgr,2006,4504
bgr,2007,4836
bgr,2008,5129
bgr,2009,5393
bgr,2010,5530
bgr,2011,5688
bgr,2012,2288
bgr,2013,4320
bgr,2014,11046
bgr,2015,16557
bgr,2016,17814
bgr,2017,19149
bgr,2018,19876
bhr,1974,60
bhr,1985,800
bhr,1987,2360
bhr,1988,50
bhr,1989,150
bhr,1990,1780
bhr,1999,1
bhr,2000,1
bhr,2001,1
bhr,2006,1
bhr,2008,48
bhr,2009,139
bhr,2010,165
bhr,2011,199
bhr,2012,289
bhr,2013,294
bhr,2014,311
bhr,2015,247
bhr,2016,271
bhr,2017,255
bhr,2018,262
bhs,1992,374
bhs,1993,59
bhs,1995,8
bhs,1996,48
bhs,1997,60
bhs,1998,80
bhs,1999,100
bhs,2000,100
bhs,2010,28
bhs,2011,28
bhs,2012,37
bhs,2013,15
bhs,2014,13
bhs,2015,8
bhs,2016,13
bhs,2017,8
bhs,2018,9
bih,1997,40000
bih,1998,40000
bih,1999,65645
bih,2000,38152
bih,2001,32745
bih,2002,28022
bih,2003,22517
bih,2004,22215
bih,2005,10568
bih,2006,10318
bih,2007,7367
bih,2008,7257
bih,2009,7132
bih,2010,7016
bih,2011,6933
bih,2012,6903
bih,2013,6926
bih,2014,6890
bih,2015,6798
bih,2016,5271
bih,2017,5217
bih,2018,5212
blr,1994,1822
blr,1995,28988
blr,1996,30525
blr,1997,50
blr,1998,75
blr,1999,260
blr,2000,458
blr,2001,584
blr,2002,618
blr,2003,638
blr,2004,725
blr,2005,725
blr,2006,690
blr,2007,649
blr,2008,609
blr,2009,580
blr,2010,589
blr,2011,595
blr,2012,576
blr,2013,604
blr,2014,925
blr,2015,1809
blr,2016,1650
blr,2017,2145
blr,2018,2215
blz,1980,4000
blz,1981,7000
blz,1982,3120
blz,1983,7000
blz,1984,8180
blz,1985,9000
blz,1986,9000
blz,1987,10000
blz,1988,30100
blz,1989,30150
blz,1990,30657
blz,1991,29969
blz,1992,20351
blz,1993,8912
blz,1994,8857
blz,1995,8750
blz,1996,8534
blz,1997,8387
blz,1998,3483
blz,1999,2891
blz,2000,1250
blz,2001,1129
blz,2002,1049
blz,2003,861
blz,2004,732
blz,2005,624
blz,2006,488
blz,2007,358
blz,2008,277
blz,2009,230
blz,2010,134
blz,2011,78
blz,2012,28
blz,2013,21
blz,2014,10
blz,2015,35
blz,2018,24
bol,1972,700
bol,1973,700
bol,1974,700
bol,1978,500
bol,1979,500
bol,1980,500
bol,1981,500
bol,1985,170
bol,1986,120
bol,1987,170
bol,1988,220
bol,1989,270
bol,1990,200
bol,1991,341
bol,1992,491
bol,1993,669
bol,1994,734
bol,1995,681
bol,1996,698
bol,1997,333
bol,1998,349
bol,1999,350
bol,2000,351
bol,2001,347
bol,2002,350
bol,2003,527
bol,2004,524
bol,2005,535
bol,2006,567
bol,2007,632
bol,2008,664
bol,2009,679
bol,2010,695
bol,2011,716
bol,2012,733
bol,2013,748
bol,2014,763
bol,2015,775
bol,2016,786
bol,2017,765
bol,2018,787
bra,1969,40000
bra,1970,40000
bra,1971,38000
bra,1972,37000
bra,1973,35200
bra,1974,34000
bra,1975,32000
bra,1976,30000
bra,1977,36000
bra,1978,35000
bra,1979,25000
bra,1980,24000
bra,1981,24000
bra,1982,5400
bra,1983,5400
bra,1984,5300
bra,1985,5300
bra,1986,5300
bra,1987,5280
bra,1988,5332
bra,1989,5331
bra,1990,5335
bra,1991,5389
bra,1992,5439
bra,1993,6198
bra,1994,2223
bra,1995,2050
bra,1996,2212
bra,1997,2260
bra,1998,2347
bra,1999,2378
bra,2000,2722
bra,2001,2884
bra,2002,3182
bra,2003,3193
bra,2004,3345
bra,2005,3458
bra,2006,3492
bra,2007,20783
bra,2008,3852
bra,2009,4232
bra,2010,4357
bra,2011,4477
bra,2012,4689
bra,2013,5196
bra,2014,7490
bra,2015,8707
bra,2016,9689
bra,2017,10242
bra,2018,11274
brb,2013,1
brb,2014,1
btn,1966,3000
bwa,1968,3980
bwa,1969,3600
bwa,1970,4360
bwa,1971,8890
bwa,1972,4500
bwa,1973,4500
bwa,1974,2480
bwa,1975,2400
bwa,1976,2840
bwa,1977,4810
bwa,1978,19000
bwa,1979,23290
bwa,1980,1300
bwa,1981,1290
bwa,1982,1300
bwa,1983,4600
bwa,1984,4970
bwa,1985,5680
bwa,1986,4830
bwa,1987,5300
bwa,1988,2325
bwa,1989,1261
bwa,1990,1179
bwa,1991,1054
bwa,1992,497
bwa,1993,514
bwa,1994,503
bwa,1995,266
bwa,1996,214
bwa,1997,281
bwa,1998,2137
bwa,1999,1296
bwa,2000,3551
bwa,2001,3581
bwa,2002,2805
bwa,2003,2838
bwa,2004,2839
bwa,2005,3109
bwa,2006,3160
bwa,2007,2465
bwa,2008,3019
bwa,2009,3022
bwa,2010,2986
bwa,2011,3312
bwa,2012,2785
bwa,2013,2773
bwa,2014,2645
bwa,2015,2130
bwa,2016,2093
bwa,2017,2110
bwa,2018,2029
caf,1964,3300
caf,1965,20560
caf,1966,43000
caf,1967,35000
caf,1968,23000
caf,1969,23000
caf,1970,27150
caf,1971,28000
caf,1972,21970
caf,1973,7000
caf,1974,5000
caf,1975,5000
caf,1979,1000
caf,1980,7000
caf,1981,4000
caf,1982,7450
caf,1983,6790
caf,1984,42000
caf,1985,46330
caf,1986,12980
caf,1987,4250
caf,1988,3148
caf,1989,2493
caf,1990,4284
caf,1991,12223
caf,1992,19040
caf,1993,44129
caf,1994,47791
caf,1995,33856
caf,1996,36564
caf,1997,38499
caf,1998,43013
caf,1999,49314
caf,2000,55661
caf,2001,49239
caf,2002,50725
caf,2003,44753
caf,2004,25020
caf,2005,24569
caf,2006,12357
caf,2007,7535
caf,2008,7429
caf,2009,27047
caf,2010,21574
caf,2011,16730
caf,2012,14014
caf,2013,14322
caf,2014,7694
caf,2015,7330
caf,2016,12115
caf,2017,10027
caf,2018,6647
can,1951,168511
can,1952,154828
can,1953,107004
can,1954,75828
can,1955,52551
can,1956,17485
can,1957,46334
can,1958,46908
can,1959,47934
can,1960,48629
can,1961,44492
can,1962,12282
can,1963,10946
can,1964,10178
can,1965,9980
can,1966,10225
can,1967,9991
can,1968,17950
can,1969,19275
can,1970,18518
can,1971,17196
can,1972,20933
can,1973,13358
can,1974,11410
can,1975,16349
can,1976,27387
can,1977,29537
can,1978,31295
can,1979,57913
can,1980,92679
can,1981,96415
can,1982,107591
can,1983,120947
can,1984,112966
can,1985,92194
can,1986,98743
can,1987,104843
can,1988,116434
can,1989,135752
can,1990,154761
can,1991,170916
can,1992,183723
can,1993,183241
can,1994,186563
can,1995,152125
can,1996,138435
can,1997,125184
can,1998,119371
can,1999,123316
can,2000,126991
can,2001,129224
can,2002,129950
can,2003,133094
can,2004,141398
can,2005,147171
can,2006,151827
can,2007,175741
can,2008,173651
can,2009,169434
can,2010,165549
can,2011,164883
can,2012,163756
can,2013,160349
can,2014,149163
can,2015,135888
can,2016,97332
can,2017,104756
can,2018,114065
che,1951,10000
che,1952,9800
che,1953,9500
che,1954,9400
che,1955,9200
che,1956,20700
che,1957,20500
che,1958,20000
che,1959,20000
che,1960,20000
che,1961,20000
che,1962,20000
che,1963,20000
che,1964,20000
che,1965,20000
che,1966,20500
che,1967,21000
che,1968,26000
che,1969,30000
che,1970,31000
che,1971,30000
che,1972,35000
che,1973,35000
che,1974,35000
che,1975,35000
che,1976,35000
che,1977,30000
che,1978,30000
che,1979,30000
che,1980,32000
che,1981,40000
che,1982,33404
che,1983,32312
che,1984,31201
che,1985,30726
che,1986,31343
che,1987,31707
che,1988,31949
che,1989,36763
che,1990,40943
che,1991,45622
che,1992,51930
che,1993,56586
che,1994,75295
che,1995,82943
che,1996,84413
che,1997,83203
che,1998,81903
che,1999,82298
che,2000,57653
che,2001,58494
che,2002,54113
che,2003,50144
che,2004,47678
che,2005,48030
che,2006,48523
che,2007,45653
che,2008,46132
che,2009,46203
che,2010,48813
che,2011,50416
che,2012,50747
che,2013,52464
che,2014,62620
che,2015,73336
che,2016,82681
che,2017,93015
che,2018,103971
chl,1969,6500
chl,1970,6000
chl,1971,7000
chl,1972,7000
chl,1973,9500
chl,1974,3700
chl,1975,3300
chl,1976,4000
chl,1977,5200
chl,1978,3080
chl,1979,2000
chl,1980,1500
chl,1981,1500
chl,1982,2500
chl,1983,2500
chl,1984,2500
chl,1985,540
chl,1988,300
chl,1989,300
chl,1990,58
chl,1991,72
chl,1992,142
chl,1993,239
chl,1994,217
chl,1995,283
chl,1996,313
chl,1997,276
chl,1998,305
chl,1999,323
chl,2000,364
chl,2001,389
chl,2002,413
chl,2003,466
chl,2004,569
chl,2005,806
chl,2006,1134
chl,2007,1376
chl,2008,1613
chl,2009,1539
chl,2010,1621
chl,2011,1674
chl,2012,1695
chl,2013,1743
chl,2014,1773
chl,2015,1849
chl,2016,1737
chl,2017,1849
chl,2018,2001
chn,1966,970
chn,1979,250000
chn,1980,263000
chn,1981,265000
chn,1982,272100
chn,1983,276630
chn,1984,279750
chn,1985,279670
chn,1986,281790
chn,1987,280600
chn,1988,284300
chn,1989,284300
chn,1990,287276
chn,1991,289061
chn,1992,288123
chn,1993,287423
chn,1994,287066
chn,1995,288309
chn,1996,290100
chn,1997,291507
chn,1998,292345
chn,1999,293299
chn,2000,294110
chn,2001,295325
chn,2002,297277
chn,2003,299354
chn,2004,299375
chn,2005,301041
chn,2006,301027
chn,2007,301078
chn,2008,300967
chn,2009,300989
chn,2010,300986
chn,2011,301018
chn,2012,301037
chn,2013,301047
chn,2014,301052
chn,2015,301052
chn,2016,317255
chn,2017,321703
chn,2018,321733
civ,1969,12000
civ,1971,300
civ,1975,300000
civ,1976,500070
civ,1983,450
civ,1984,650
civ,1985,810
civ,1986,880
civ,1987,800
civ,1988,800
civ,1989,480
civ,1990,272281
civ,1991,230290
civ,1992,174076
civ,1993,251588
civ,1994,360112
civ,1995,297908
civ,1996,327696
civ,1997,208502
civ,1998,151182
civ,1999,138429
civ,2000,120691
civ,2001,126239
civ,2002,44749
civ,2003,75971
civ,2004,72088
civ,2005,41627
civ,2006,27288
civ,2007,24647
civ,2008,24811
civ,2009,24604
civ,2010,26218
civ,2011,24221
civ,2012,3980
civ,2013,2980
civ,2014,1925
civ,2015,1980
civ,2016,1399
civ,2017,1556
civ,2018,1768
cmr,1970,8000
cmr,1975,30000
cmr,1976,30000
cmr,1977,30000
cmr,1978,30000
cmr,1979,19990
cmr,1980,128000
cmr,1981,172710
cmr,1982,36820
cmr,1983,4190
cmr,1984,13690
cmr,1985,35150
cmr,1986,53600
cmr,1987,59190
cmr,1988,51160
cmr,1989,48630
cmr,1990,49876
cmr,1991,45237
cmr,1992,42233
cmr,1993,44013
cmr,1994,44036
cmr,1995,45781
cmr,1996,46407
cmr,1997,47057
cmr,1998,47826
cmr,1999,49227
cmr,2000,43680
cmr,2001,41186
cmr,2002,58288
cmr,2003,58583
cmr,2004,58861
cmr,2005,52042
cmr,2006,35083
cmr,2007,60137
cmr,2008,81037
cmr,2009,99957
cmr,2010,104275
cmr,2011,100373
cmr,2012,98969
cmr,2013,114753
cmr,2014,264126
cmr,2015,342973
cmr,2016,375415
cmr,2017,337375
cmr,2018,380307
cod,1960,150000
cod,1961,203000
cod,1962,223000
cod,1963,237000
cod,1964,236000
cod,1965,265000
cod,1966,357100
cod,1967,434100
cod,1968,475400
cod,1969,496300
cod,1970,489000
cod,1971,474250
cod,1972,495250
cod,1973,460050
cod,1974,503250
cod,1975,510000
cod,1976,515000
cod,1977,530300
cod,1978,653000
cod,1979,710480
cod,1980,611110
cod,1981,576740
cod,1982,497600
cod,1983,303500
cod,1984,337330
cod,1985,283000
cod,1986,301230
cod,1987,320000
cod,1988,340675
cod,1989,340689
cod,1990,416435
cod,1991,482959
cod,1992,391127
cod,1993,572070
cod,1994,1724365
cod,1995,1433760
cod,1996,675973
cod,1997,297538
cod,1998,240214
cod,1999,285270
cod,2000,332509
cod,2001,362012
cod,2002,332978
cod,2003,234033
cod,2004,199323
cod,2005,204341
cod,2006,208371
cod,2007,177390
cod,2008,155162
cod,2009,185809
cod,2010,166336
cod,2011,152749
cod,2012,65109
cod,2013,113362
cod,2014,119754
cod,2015,383095
cod,2016,451956
cod,2017,537078
cod,2018,529045
cog,1969,500
cog,1970,500
cog,1974,10000
cog,1975,5000
cog,1978,150
cog,1983,1000
cog,1984,1000
cog,1985,1200
cog,1986,1580
cog,1987,2120
cog,1988,2160
cog,1989,3401
cog,1990,2990
cog,1991,3395
cog,1992,3385
cog,1993,13646
cog,1994,15522
cog,1995,19404
cog,1996,20451
cog,1997,20697
cog,1998,27174
cog,1999,39870
cog,2000,123190
cog,2001,119147
cog,2002,109201
cog,2003,91362
cog,2004,68536
cog,2005,66075
cog,2006,55788
cog,2007,38472
cog,2008,24779
cog,2009,111411
cog,2010,133112
cog,2011,141232
cog,2012,98455
cog,2013,51037
cog,2014,54842
cog,2015,44955
cog,2016,46457
cog,2017,48494
cog,2018,37476
col,1970,1500
col,1971,1400
col,1972,1350
col,1973,1450
col,1974,1200
col,1977,1800
col,1978,1500
col,1979,2000
col,1980,2000
col,1981,1800
col,1982,150
col,1983,210
col,1984,330
col,1985,400
col,1986,240
col,1987,680
col,1988,720
col,1989,700
col,1990,460
col,1991,450
col,1992,478
col,1993,298
col,1994,316
col,1995,218
col,1996,220
col,1997,223
col,1998,226
col,1999,230
col,2000,239
col,2001,210
col,2002,205
col,2003,186
col,2004,141
col,2005,155
col,2006,143
col,2007,168
col,2008,170
col,2009,196
col,2010,212
col,2011,219
col,2012,219
col,2013,224
col,2014,213
col,2015,226
col,2016,258
col,2017,244
col,2018,274
com,1999,9
com,2000,11
com,2001,13
com,2005,1
com,2006,1
cpv,1991,3
cpv,1992,2
cri,1972,700
cri,1974,200
cri,1977,3500
cri,1978,133000
cri,1979,18610
cri,1980,10060
cri,1981,15000
cri,1982,16360
cri,1983,16910
cri,1984,16910
cri,1985,24000
cri,1986,31200
cri,1987,31600
cri,1988,278800
cri,1989,278800
cri,1990,276210
cri,1991,117492
cri,1992,114392
cri,1993,24834
cri,1994,24630
cri,1995,24226
cri,1996,23176
cri,1997,23114
cri,1998,22986
cri,1999,22903
cri,2000,5519
cri,2001,8104
cri,2002,12433
cri,2003,13508
cri,2004,10413
cri,2005,11253
cri,2006,11515
cri,2007,17190
cri,2008,18136
cri,2009,19116
cri,2010,19505
cri,2011,20057
cri,2012,20449
cri,2013,20569
cri,2014,20744
cri,2015,3616
cri,2016,4180
cri,2017,4468
cri,2018,4511
cub,1974,1300
cub,1977,2600
cub,1978,4000
cub,1979,3060
cub,1980,2970
cub,1981,2000
cub,1982,2000
cub,1983,2000
cub,1984,2000
cub,1985,2000
cub,1986,2000
cub,1987,2000
cub,1988,2000
cub,1989,3990
cub,1990,3988
cub,1992,5092
cub,1993,3606
cub,1994,2002
cub,1995,1829
cub,1996,1694
cub,1997,1280
cub,1998,1067
cub,1999,967
cub,2000,954
cub,2001,1036
cub,2002,1005
cub,2003,836
cub,2004,795
cub,2005,706
cub,2006,667
cub,2007,615
cub,2008,525
cub,2009,454
cub,2010,411
cub,2011,384
cub,2012,371
cub,2013,384
cub,2014,280
cub,2015,303
cub,2016,316
cub,2017,338
cub,2018,282
cym,2009,1
cym,2010,1
cym,2011,3
cym,2012,3
cym,2013,6
cym,2014,6
cym,2015,12
cym,2016,18
cym,2017,24
cym,2018,29
cyp,1968,200
cyp,1969,200
cyp,1970,200
cyp,1971,200
cyp,1972,200
cyp,1977,700
cyp,1988,60
cyp,1990,33
cyp,1991,60
cyp,1992,80
cyp,1993,82
cyp,1994,66
cyp,1995,55
cyp,1996,49
cyp,1997,43
cyp,1998,84
cyp,1999,117
cyp,2000,76
cyp,2001,83
cyp,2002,173
cyp,2003,349
cyp,2004,531
cyp,2005,701
cyp,2006,924
cyp,2007,1194
cyp,2008,1465
cyp,2009,2888
cyp,2010,3394
cyp,2011,3503
cyp,2012,3631
cyp,2013,3883
cyp,2014,5126
cyp,2015,7067
cyp,2016,8484
cyp,2017,9765
cyp,2018,10957
cze,1991,691
cze,1992,9399
cze,1993,188
cze,1994,1186
cze,1995,2655
cze,1996,2266
cze,1997,1731
cze,1998,1805
cze,1999,1232
cze,2000,1186
cze,2001,1216
cze,2002,1297
cze,2003,1516
cze,2004,1623
cze,2005,1802
cze,2006,1887
cze,2007,2037
cze,2008,2110
cze,2009,2323
cze,2010,2449
cze,2011,2449
cze,2012,2805
cze,2013,2979
cze,2014,3137
cze,2015,3644
cze,2016,3644
cze,2017,3604
cze,2018,2131
deu,1951,265000
deu,1952,240000
deu,1953,228000
deu,1954,225000
deu,1955,219000
deu,1956,221000
deu,1957,217000
deu,1958,212000
deu,1959,205000
deu,1960,197000
deu,1961,190000
deu,1962,185000
deu,1963,182000
deu,1964,180000
deu,1965,180000
deu,1966,140000
deu,1967,112000
deu,1968,110000
deu,1969,113000
deu,1970,115000
deu,1971,125000
deu,1972,125000
deu,1973,125000
deu,1974,123000
deu,1975,122000
deu,1976,122000
deu,1977,120000
deu,1978,83500
deu,1979,87000
deu,1980,94000
deu,1981,100000
deu,1982,100000
deu,1983,115000
deu,1984,126600
deu,1985,475000
deu,1986,547900
deu,1987,596200
deu,1988,610200
deu,1989,628500
deu,1990,816000
deu,1991,821500
deu,1992,1236000
deu,1993,1418000
deu,1994,1354600
deu,1995,1267900
deu,1996,1266000
deu,1997,1049000
deu,1998,949200
deu,1999,975500
deu,2000,906000
deu,2001,903000
deu,2002,980000
deu,2003,960395
deu,2004,876622
deu,2005,700016
deu,2006,605410
deu,2007,578879
deu,2008,582735
deu,2009,593799
deu,2010,594269
deu,2011,571684
deu,2012,589737
deu,2013,187567
deu,2014,216973
deu,2015,316115
deu,2016,669482
deu,2017,970318
deu,2018,1063765
dji,1977,8000
dji,1978,20000
dji,1979,28800
dji,1980,45310
dji,1981,31800
dji,1982,34200
dji,1983,29170
dji,1984,16770
dji,1985,17280
dji,1986,16720
dji,1987,13140
dji,1988,1272
dji,1989,31409
dji,1990,77606
dji,1991,96144
dji,1992,28000
dji,1993,34065
dji,1994,33406
dji,1995,27310
dji,1996,25076
dji,1997,23590
dji,1998,23582
dji,1999,23271
dji,2000,23243
dji,2001,23176
dji,2002,21702
dji,2003,27034
dji,2004,18035
dji,2005,10456
dji,2006,9259
dji,2007,6651
dji,2008,9228
dji,2009,12111
dji,2010,15104
dji,2011,20340
dji,2012,19139
dji,2013,20015
dji,2014,20530
dji,2015,19365
dji,2016,17683
dji,2017,17548
dji,2018,18288
dnk,1951,2000
dnk,1952,1800
dnk,1953,1600
dnk,1954,1400
dnk,1955,1300
dnk,1956,2500
dnk,1957,2500
dnk,1958,2500
dnk,1959,2400
dnk,1960,2300
dnk,1961,2200
dnk,1962,2200
dnk,1963,2200
dnk,1970,2000
dnk,1971,4400
dnk,1972,3687
dnk,1973,3687
dnk,1974,2900
dnk,1975,2125
dnk,1976,2100
dnk,1977,1764
dnk,1978,1800
dnk,1979,1800
dnk,1980,1800
dnk,1981,1800
dnk,1982,1800
dnk,1983,3600
dnk,1984,8500
dnk,1985,8500
dnk,1986,23000
dnk,1987,30000
dnk,1988,27310
dnk,1989,30747
dnk,1990,32906
dnk,1991,36110
dnk,1992,39118
dnk,1993,44564
dnk,1994,49558
dnk,1995,64844
dnk,1996,66373
dnk,1997,68122
dnk,1998,69015
dnk,1999,69006
dnk,2000,71035
dnk,2001,73284
dnk,2002,73597
dnk,2003,69858
dnk,2004,65310
dnk,2005,44374
dnk,2006,36659
dnk,2007,26788
dnk,2008,23401
dnk,2009,20355
dnk,2010,17922
dnk,2011,13399
dnk,2012,11814
dnk,2013,13170
dnk,2014,17785
dnk,2015,27326
dnk,2016,33507
dnk,2017,35629
dnk,2018,36548
dom,1970,1000
dom,1971,1000
dom,1972,1100
dom,1974,1000
dom,1977,500
dom,1978,300
dom,1979,3300
dom,1980,3800
dom,1981,5000
dom,1982,5000
dom,1983,5000
dom,1984,5130
dom,1985,6000
dom,1986,4980
dom,1987,5000
dom,1988,4686
dom,1989,3320
dom,1990,1966
dom,1991,1571
dom,1992,510
dom,1993,1331
dom,1994,1252
dom,1995,985
dom,1996,640
dom,1997,638
dom,1998,614
dom,1999,625
dom,2000,510
dom,2010,599
dom,2011,595
dom,2012,758
dom,2013,721
dom,2014,608
dom,2015,615
dom,2016,592
dom,2017,583
dom,2018,164
dza,1970,500
dza,1975,21000
dza,1976,39580
dza,1977,52000
dza,1978,52000
dza,1979,52000
dza,1980,52000
dza,1981,167000
dza,1982,167000
dza,1983,167000
dza,1984,167000
dza,1985,174160
dza,1986,167220
dza,1987,167000
dza,1988,170000
dza,1989,169103
dza,1990,169110
dza,1991,169124
dza,1992,219314
dza,1993,219067
dza,1994,219073
dza,1995,192489
dza,1996,190267
dza,1997,170746
dza,1998,165226
dza,1999,165249
dza,2000,169656
dza,2001,169422
dza,2002,169233
dza,2003,169033
dza,2004,169048
dza,2005,94101
dza,2006,94180
dza,2007,94137
dza,2008,94093
dza,2009,94137
dza,2010,94144
dza,2011,94148
dza,2012,94133
dza,2013,94150
dza,2014,94128
dza,2015,94182
dza,2016,94232
dza,2017,94247
dza,2018,94336
ecu,1972,200
ecu,1974,200
ecu,1977,200
ecu,1979,600
ecu,1980,700
ecu,1981,640
ecu,1982,680
ecu,1983,770
ecu,1984,870
ecu,1985,890
ecu,1986,800
ecu,1987,710
ecu,1988,755
ecu,1989,757
ecu,1990,510
ecu,1991,280
ecu,1992,204
ecu,1993,238
ecu,1994,244
ecu,1995,202
ecu,1996,211
ecu,1997,227
ecu,1998,248
ecu,1999,314
ecu,2000,1602
ecu,2001,1715
ecu,2002,3240
ecu,2003,6381
ecu,2004,8450
ecu,2005,10063
ecu,2006,11789
ecu,2007,264907
ecu,2008,101398
ecu,2009,116557
ecu,2010,121249
ecu,2011,123436
ecu,2012,123824
ecu,2013,123209
ecu,2014,122161
ecu,2015,121535
ecu,2016,102848
ecu,2017,92344
ecu,2018,101460
egy,1964,470
egy,1965,5000
egy,1969,4800
egy,1970,5000
egy,1971,5020
egy,1972,7370
egy,1973,2600
egy,1974,4000
egy,1975,4000
egy,1976,4000
egy,1977,4510
egy,1978,5000
egy,1979,4850
egy,1980,1440
egy,1981,1580
egy,1982,5500
egy,1983,35000
egy,1984,5500
egy,1985,1090
egy,1986,1080
egy,1987,1150
egy,1988,1620
egy,1989,1740
egy,1990,1991
egy,1991,2245
egy,1992,5509
egy,1993,6712
egy,1994,7223
egy,1995,5407
egy,1996,6035
egy,1997,6493
egy,1998,6276
egy,1999,6553
egy,2000,6840
egy,2001,7230
egy,2002,80494
egy,2003,88749
egy,2004,90343
egy,2005,88946
egy,2006,88022
egy,2007,97556
egy,2008,97861
egy,2009,94406
egy,2010,95056
egy,2011,95087
egy,2012,109933
egy,2013,230086
egy,2014,236090
egy,2015,212500
egy,2016,213530
egy,2017,232625
egy,2018,246711
eri,1993,3
eri,1994,706
eri,1995,1083
eri,1996,2106
eri,1997,2606
eri,1998,2501
eri,1999,2972
eri,2000,1984
eri,2001,2272
eri,2002,3619
eri,2003,3889
eri,2004,4240
eri,2005,4418
eri,2006,4621
eri,2007,5042
eri,2008,4862
eri,2009,4751
eri,2010,4809
eri,2011,4719
eri,2012,3600
eri,2013,3166
eri,2014,2898
eri,2015,2549
eri,2016,2342
eri,2017,2392
eri,2018,2252
esp,1951,2000
esp,1954,2000
esp,1961,2000
esp,1962,2000
esp,1963,2000
esp,1964,14000
esp,1965,14000
esp,1966,17000
esp,1967,20000
esp,1968,20000
esp,1969,23000
esp,1970,29500
esp,1971,38000
esp,1972,40000
esp,1973,26000
esp,1974,18000
esp,1975,16000
esp,1976,16500
esp,1977,15000
esp,1978,15000
esp,1979,26000
esp,1980,21500
esp,1981,21500
esp,1982,23500
esp,1983,23700
esp,1984,9900
esp,1985,9300
esp,1986,10200
esp,1987,9200
esp,1988,8691
esp,1989,8676
esp,1990,8303
esp,1991,4003
esp,1992,4036
esp,1993,4997
esp,1994,5361
esp,1995,5852
esp,1996,5688
esp,1997,5532
esp,1998,5939
esp,1999,6714
esp,2000,6987
esp,2001,6806
esp,2002,6780
esp,2003,5900
esp,2004,5686
esp,2005,5374
esp,2006,5275
esp,2007,5147
esp,2008,4661
esp,2009,3970
esp,2010,3820
esp,2011,4228
esp,2012,4510
esp,2013,4637
esp,2014,5798
esp,2015,6457
esp,2016,12989
esp,2017,17526
esp,2018,20417
est,2000,4
est,2001,11
est,2002,10
est,2003,12
est,2004,11
est,2005,7
est,2006,5
est,2007,18
est,2008,22
est,2009,24
est,2010,39
est,2011,50
est,2012,63
est,2013,70
est,2014,90
est,2015,168
est,2016,322
est,2017,392
est,2018,294
eth,1968,20000
eth,1969,20000
eth,1970,21000
eth,1971,22730
eth,1972,16200
eth,1973,5400
eth,1974,5910
eth,1975,11150
eth,1976,10690
eth,1977,10940
eth,1978,10930
eth,1979,10930
eth,1980,10930
eth,1981,5450
eth,1982,5550
eth,1983,31370
eth,1984,180480
eth,1985,180400
eth,1986,132400
eth,1987,310500
eth,1988,679532
eth,1989,710166
eth,1990,773764
eth,1991,529620
eth,1992,431824
eth,1993,272631
eth,1994,348074
eth,1995,393479
eth,1996,390528
eth,1997,323067
eth,1998,262160
eth,1999,257689
eth,2000,197959
eth,2001,152554
eth,2002,132940
eth,2003,130274
eth,2004,115980
eth,2005,100817
eth,2006,96980
eth,2007,85183
eth,2008,83583
eth,2009,121886
eth,2010,154295
eth,2011,288844
eth,2012,376393
eth,2013,433936
eth,2014,659524
eth,2015,736086
eth,2016,791631
eth,2017,889401
eth,2018,903211
fin,1984,500
fin,1985,500
fin,1986,500
fin,1987,800
fin,1988,1065
fin,1989,2000
fin,1990,2348
fin,1991,4561
fin,1992,5950
fin,1993,8511
fin,1994,9511
fin,1995,10191
fin,1996,11382
fin,1997,12017
fin,1998,12290
fin,1999,12869
fin,2000,13276
fin,2001,12728
fin,2002,12490
fin,2003,10843
fin,2004,11325
fin,2005,11809
fin,2006,11827
fin,2007,6204
fin,2008,6617
fin,2009,7447
fin,2010,8724
fin,2011,9175
fin,2012,9919
fin,2013,11252
fin,2014,11798
fin,2015,12703
fin,2016,18401
fin,2017,20745
fin,2018,22207
fji,1995,9
fji,1996,9
fji,2009,2
fji,2010,1
fji,2011,7
fji,2012,6
fji,2013,5
fji,2014,13
fji,2015,12
fji,2016,12
fji,2017,7
fra,1951,290000
fra,1952,280000
fra,1953,270000
fra,1954,263000
fra,1955,345415
fra,1956,363290
fra,1957,389480
fra,1958,381152
fra,1959,387201
fra,1960,245935
fra,1961,253375
fra,1962,259740
fra,1963,174057
fra,1964,175861
fra,1965,177665
fra,1966,179468
fra,1967,177200
fra,1968,176736
fra,1969,175242
fra,1970,158543
fra,1971,141844
fra,1972,98900
fra,1973,101830
fra,1974,105538
fra,1975,109882
fra,1976,114634
fra,1977,119413
fra,1978,126229
fra,1979,119489
fra,1980,121958
fra,1981,125597
fra,1982,152223
fra,1983,164113
fra,1984,169863
fra,1985,174213
fra,1986,180258
fra,1987,179306
fra,1988,183946
fra,1989,180258
fra,1990,193000
fra,1991,174756
fra,1992,156512
fra,1993,166269
fra,1994,195288
fra,1995,155245
fra,1996,151329
fra,1997,146558
fra,1998,140215
fra,1999,129722
fra,2000,132508
fra,2001,131601
fra,2002,132182
fra,2003,130838
fra,2004,139852
fra,2005,137316
fra,2006,145996
fra,2007,151789
fra,2008,171206
fra,2009,196364
fra,2010,200687
fra,2011,210207
fra,2012,217865
fra,2013,232487
fra,2014,252264
fra,2015,273126
fra,2016,304546
fra,2017,337147
fra,2018,368305
fsm,2006,2
fsm,2007,2
fsm,2008,1
fsm,2009,1
fsm,2015,3
fsm,2016,4
gab,1969,4500
gab,1975,60000
gab,1976,60000
gab,1977,90000
gab,1978,60200
gab,1979,30200
gab,1980,20000
gab,1981,400
gab,1982,640
gab,1986,100
gab,1990,417
gab,1991,220
gab,1992,272
gab,1994,597
gab,1995,791
gab,1996,798
gab,1997,862
gab,1998,1124
gab,1999,15070
gab,2000,17982
gab,2001,15581
gab,2002,13473
gab,2003,14005
gab,2004,13787
gab,2005,8545
gab,2006,8429
gab,2007,8826
gab,2008,9001
gab,2009,8845
gab,2010,9015
gab,2011,1773
gab,2012,1663
gab,2013,1594
gab,2014,1013
gab,2015,943
gab,2016,931
gab,2017,825
gab,2018,671
gbr,1951,208000
gbr,1952,200000
gbr,1953,192000
gbr,1954,182000
gbr,1955,175000
gbr,1956,182000
gbr,1957,179000
gbr,1958,175000
gbr,1959,170000
gbr,1960,167000
gbr,1961,164000
gbr,1962,160000
gbr,1963,157000
gbr,1964,160000
gbr,1965,170000
gbr,1966,167000
gbr,1967,164000
gbr,1968,161000
gbr,1969,162000
gbr,1970,162000
gbr,1971,150000
gbr,1972,150000
gbr,1973,150000
gbr,1974,155500
gbr,1975,153000
gbr,1976,153000
gbr,1977,148000
gbr,1978,150000
gbr,1979,146000
gbr,1980,148000
gbr,1981,146000
gbr,1982,143000
gbr,1983,140000
gbr,1984,135000
gbr,1985,135000
gbr,1986,100000
gbr,1987,100000
gbr,1988,39759
gbr,1989,46017
gbr,1990,43632
gbr,1991,43371
gbr,1992,64726
gbr,1993,80230
gbr,1994,85160
gbr,1995,90909
gbr,1996,98577
gbr,1997,107933
gbr,1998,121716
gbr,1999,148922
gbr,2000,186248
gbr,2001,233389
gbr,2002,260687
gbr,2003,276521
gbr,2004,298844
gbr,2005,303181
gbr,2006,301556
gbr,2007,299718
gbr,2008,292097
gbr,2009,269363
gbr,2010,238150
gbr,2011,193510
gbr,2012,149799
gbr,2013,126055
gbr,2014,117234
gbr,2015,123067
gbr,2016,118995
gbr,2017,121774
gbr,2018,126643
geo,1995,100
geo,1996,95
geo,1997,162
geo,1998,20
geo,1999,5180
geo,2000,7620
geo,2001,7901
geo,2002,4192
geo,2003,3864
geo,2004,2559
geo,2005,2497
geo,2006,1373
geo,2007,1047
geo,2008,996
geo,2009,870
geo,2010,639
geo,2011,462
geo,2012,469
geo,2013,847
geo,2014,857
geo,2015,1979
geo,2016,2125
geo,2017,2073
geo,2018,1972
gha,1969,20000
gha,1971,70
gha,1975,130
gha,1976,180
gha,1977,170
gha,1978,70
gha,1979,300
gha,1982,100
gha,1983,90
gha,1984,90
gha,1985,120
gha,1986,160
gha,1987,150
gha,1988,140
gha,1989,80
gha,1990,8123
gha,1991,8128
gha,1992,12114
gha,1993,150100
gha,1994,113666
gha,1995,83200
gha,1996,35617
gha,1997,22858
gha,1998,14557
gha,1999,13261
gha,2000,12720
gha,2001,11792
gha,2002,33515
gha,2003,43947
gha,2004,42053
gha,2005,53537
gha,2006,44938
gha,2007,34958
gha,2008,18206
gha,2009,13658
gha,2010,13828
gha,2011,13588
gha,2012,16016
gha,2013,18681
gha,2014,18450
gha,2015,17406
gha,2016,11865
gha,2017,12152
gha,2018,11891
gin,1990,325000
gin,1991,547960
gin,1992,478491
gin,1993,577158
gin,1994,553244
gin,1995,672298
gin,1996,663854
gin,1997,435300
gin,1998,482467
gin,1999,501544
gin,2000,427206
gin,2001,178444
gin,2002,182163
gin,2003,184341
gin,2004,139252
gin,2005,63525
gin,2006,31468
gin,2007,25226
gin,2008,21488
gin,2009,15325
gin,2010,14113
gin,2011,16609
gin,2012,10371
gin,2013,8560
gin,2014,8766
gin,2015,8839
gin,2016,5068
gin,2017,5155
gin,2018,4284
gmb,1990,78
gmb,1991,241
gmb,1992,3632
gmb,1993,2190
gmb,1994,2206
gmb,1995,6599
gmb,1996,6924
gmb,1997,7279
gmb,1998,10320
gmb,1999,17219
gmb,2000,12016
gmb,2001,8133
gmb,2002,12120
gmb,2003,7465
gmb,2004,7343
gmb,2005,7330
gmb,2006,13761
gmb,2007,14895
gmb,2008,14836
gmb,2009,10118
gmb,2010,8378
gmb,2011,9528
gmb,2012,9853
gmb,2013,9563
gmb,2014,11608
gmb,2015,7854
gmb,2016,7940
gmb,2017,8034
gmb,2018,4022
gnb,1981,110
gnb,1990,3004
gnb,1991,4631
gnb,1992,12163
gnb,1993,20735
gnb,1994,23909
gnb,1995,15350
gnb,1996,15401
gnb,1997,15982
gnb,1998,6604
gnb,1999,7120
gnb,2000,7587
gnb,2001,7332
gnb,2002,7639
gnb,2003,7551
gnb,2004,7536
gnb,2005,7616
gnb,2006,7804
gnb,2007,7860
gnb,2008,7884
gnb,2009,7898
gnb,2010,7679
gnb,2011,7800
gnb,2012,7784
gnb,2013,8535
gnb,2014,8684
gnb,2015,8684
gnb,2016,9263
gnb,2017,11197
gnb,2018,4843
gnq,1968,40000
grc,1951,18000
grc,1952,19000
grc,1953,18500
grc,1954,19000
grc,1955,17400
grc,1956,16000
grc,1957,16000
grc,1958,15700
grc,1959,15500
grc,1960,15500
grc,1961,15200
grc,1962,15700
grc,1963,15400
grc,1964,16000
grc,1965,15560
grc,1966,15300
grc,1967,12270
grc,1968,8260
grc,1969,6330
grc,1970,5710
grc,1971,5780
grc,1972,3350
grc,1973,2940
grc,1974,2710
grc,1975,2600
grc,1976,2560
grc,1977,2610
grc,1978,2520
grc,1979,3770
grc,1980,3750
grc,1981,3990
grc,1982,3950
grc,1983,4090
grc,1984,4320
grc,1985,4360
grc,1986,3280
grc,1987,4630
grc,1988,8262
grc,1989,7490
grc,1990,8488
grc,1991,8989
grc,1992,8456
grc,1993,7873
grc,1994,7784
grc,1995,4428
grc,1996,5780
grc,1997,5520
grc,1998,6145
grc,1999,6283
grc,2000,6653
grc,2001,6948
grc,2002,2788
grc,2003,2771
grc,2004,2489
grc,2005,2390
grc,2006,2289
grc,2007,2228
grc,2008,2164
grc,2009,1695
grc,2010,1444
grc,2011,1573
grc,2012,2100
grc,2013,3485
grc,2014,10304
grc,2015,24838
grc,2016,46427
grc,2017,38964
grc,2018,61426
grd,2011,3
grd,2015,1
grd,2016,1
gtm,1972,160
gtm,1980,4130
gtm,1981,100000
gtm,1982,70000
gtm,1983,70000
gtm,1984,70000
gtm,1985,12000
gtm,1986,12000
gtm,1987,12000
gtm,1988,223100
gtm,1989,223100
gtm,1990,223377
gtm,1991,223236
gtm,1992,222929
gtm,1993,4689
gtm,1994,4672
gtm,1995,1496
gtm,1996,1564
gtm,1997,1508
gtm,1998,815
gtm,1999,732
gtm,2000,720
gtm,2001,729
gtm,2002,733
gtm,2003,715
gtm,2004,656
gtm,2005,391
gtm,2006,382
gtm,2007,379
gtm,2008,130
gtm,2009,131
gtm,2010,138
gtm,2011,147
gtm,2012,159
gtm,2013,160
gtm,2014,164
gtm,2015,226
gtm,2016,300
gtm,2017,360
gtm,2018,380
guf,1989,6601
guf,1990,6601
guf,1991,5902
guf,1992,1667
guf,1993,11
guf,1994,11
guy,1972,100
guy,1974,200
guy,1997,1
guy,2010,7
guy,2011,7
guy,2012,7
guy,2013,11
guy,2014,11
guy,2015,11
guy,2016,11
guy,2017,11
guy,2018,15
hkg,1951,30000
hkg,1954,22000
hkg,1964,1120000
hkg,1965,1251200
hkg,1966,1250040
hkg,1970,1000
hkg,1971,1000
hkg,1972,50
hkg,1978,63410
hkg,1979,55700
hkg,1980,24070
hkg,1981,13540
hkg,1982,12620
hkg,1983,12770
hkg,1984,11960
hkg,1985,9400
hkg,1986,8000
hkg,1987,9530
hkg,1988,15359
hkg,1989,12022
hkg,1990,8161
hkg,1991,4414
hkg,1992,2605
hkg,1993,1848
hkg,1994,1700
hkg,1995,1481
hkg,1996,1348
hkg,1997,1229
hkg,1998,1039
hkg,1999,974
hkg,2000,983
hkg,2001,1390
hkg,2002,1496
hkg,2003,1902
hkg,2004,1868
hkg,2005,1934
hkg,2006,1940
hkg,2007,97
hkg,2008,103
hkg,2009,86
hkg,2010,154
hkg,2011,152
hkg,2012,117
hkg,2013,126
hkg,2014,170
hkg,2015,133
hkg,2016,110
hkg,2017,80
hkg,2018,118
hnd,1972,70
hnd,1978,15000
hnd,1979,130
hnd,1980,25000
hnd,1981,28000
hnd,1982,32170
hnd,1983,39650
hnd,1984,49200
hnd,1985,60000
hnd,1986,68000
hnd,1987,63000
hnd,1988,237100
hnd,1989,237188
hnd,1990,237100
hnd,1991,101961
hnd,1992,100348
hnd,1993,65
hnd,1994,104
hnd,1995,63
hnd,1996,63
hnd,1997,9
hnd,1998,9
hnd,1999,9
hnd,2000,12
hnd,2001,20
hnd,2002,29
hnd,2003,23
hnd,2004,23
hnd,2005,22
hnd,2006,22
hnd,2007,22
hnd,2008,24
hnd,2009,19
hnd,2010,14
hnd,2011,17
hnd,2012,16
hnd,2013,16
hnd,2014,26
hnd,2015,30
hnd,2016,16
hnd,2017,21
hnd,2018,23
hrv,1992,403000
hrv,1993,287000
hrv,1994,183600
hrv,1995,198647
hrv,1996,165395
hrv,1997,68863
hrv,1998,29027
hrv,1999,28374
hrv,2000,22437
hrv,2001,21875
hrv,2002,8392
hrv,2003,4387
hrv,2004,3663
hrv,2005,2927
hrv,2006,2443
hrv,2007,1642
hrv,2008,1597
hrv,2009,1238
hrv,2010,936
hrv,2011,824
hrv,2012,724
hrv,2013,684
hrv,2014,726
hrv,2015,522
hrv,2016,304
hrv,2017,464
hrv,2018,747
hti,2007,1
hti,2008,3
hti,2009,3
hti,2014,3
hti,2015,3
hti,2016,5
hti,2018,5
hun,1989,27000
hun,1990,45123
hun,1991,73838
hun,1992,32412
hun,1993,3023
hun,1994,2906
hun,1995,11394
hun,1996,7537
hun,1997,5890
hun,1998,3504
hun,1999,4990
hun,2000,5064
hun,2001,4710
hun,2002,6088
hun,2003,7023
hun,2004,7708
hun,2005,8046
hun,2006,8075
hun,2007,8131
hun,2008,7750
hun,2009,6044
hun,2010,5414
hun,2011,5106
hun,2012,4054
hun,2013,2440
hun,2014,2867
hun,2015,4393
hun,2016,4748
hun,2017,5649
hun,2018,5989
idn,1978,2240
idn,1979,32330
idn,1980,8460
idn,1981,14900
idn,1982,13220
idn,1983,10070
idn,1984,9500
idn,1985,8230
idn,1986,4020
idn,1987,2450
idn,1988,2434
idn,1989,998
idn,1990,3278
idn,1991,3156
idn,1992,3530
idn,1993,2402
idn,1994,97
idn,1995,19
idn,1996,61
idn,1997,34
idn,1998,47
idn,1999,162506
idn,2000,122618
idn,2001,73551
idn,2002,28596
idn,2003,233
idn,2004,169
idn,2005,89
idn,2006,301
idn,2007,315
idn,2008,369
idn,2009,798
idn,2010,811
idn,2011,1006
idn,2012,1819
idn,2013,3206
idn,2014,4270
idn,2015,5957
idn,2016,7827
idn,2017,9781
idn,2018,10771
ind,1964,44000
ind,1965,45000
ind,1966,45000
ind,1967,50000
ind,1968,55000
ind,1969,56150
ind,1970,56500
ind,1971,56180
ind,1972,57680
ind,1973,58840
ind,1974,59900
ind,1981,3510
ind,1982,5010
ind,1983,6930
ind,1984,7200
ind,1985,6720
ind,1986,6440
ind,1987,6720
ind,1988,6645
ind,1989,9549
ind,1990,212743
ind,1991,210569
ind,1992,258372
ind,1993,262798
ind,1994,258341
ind,1995,227480
ind,1996,233370
ind,1997,223073
ind,1998,185516
ind,1999,180031
ind,2000,170941
ind,2001,169549
ind,2002,168855
ind,2003,164757
ind,2004,162687
ind,2005,139283
ind,2006,158366
ind,2007,161537
ind,2008,184543
ind,2009,185323
ind,2010,184821
ind,2011,185118
ind,2012,185656
ind,2013,188395
ind,2014,199937
ind,2015,201381
ind,2016,197851
ind,2017,197126
ind,2018,195867
irl,1984,500
irl,1985,600
irl,1986,600
irl,1987,540
irl,1988,480
irl,1989,420
irl,1990,360
irl,1991,300
irl,1992,500
irl,1993,119
irl,1994,400
irl,1995,400
irl,1996,69
irl,1997,430
irl,1998,600
irl,1999,2835
irl,2000,2543
irl,2001,3598
irl,2002,5380
irl,2003,5971
irl,2004,6542
irl,2005,7113
irl,2006,7917
irl,2007,9333
irl,2008,9730
irl,2009,9571
irl,2010,9107
irl,2011,8248
irl,2012,6327
irl,2013,6001
irl,2014,5853
irl,2015,6125
irl,2016,5731
irl,2017,6364
irl,2018,5962
irn,1962,2000
irn,1963,1500
irn,1968,300
irn,1969,300
irn,1979,130100
irn,1980,330000
irn,1981,1565000
irn,1982,1700060
irn,1983,1900060
irn,1984,2000000
irn,1985,2300000
irn,1986,2590000
irn,1987,2760000
irn,1988,2850000
irn,1989,2850000
irn,1990,4174401
irn,1991,4404995
irn,1992,4150723
irn,1993,2495038
irn,1994,2236350
irn,1995,2071988
irn,1996,2030359
irn,1997,1982553
irn,1998,1931332
irn,1999,1835688
irn,2000,1868000
irn,2001,1868000
irn,2002,1306599
irn,2003,984896
irn,2004,1045976
irn,2005,974302
irn,2006,968370
irn,2007,963546
irn,2008,980109
irn,2009,1070488
irn,2010,1073366
irn,2011,886468
irn,2012,868242
irn,2013,857354
irn,2014,982027
irn,2015,979437
irn,2016,979435
irn,2017,979435
irn,2018,979435
irq,1979,400
irq,1980,400
irq,1981,1200
irq,1982,1200
irq,1983,1200
irq,1984,1200
irq,1985,83200
irq,1986,111000
irq,1987,1000
irq,1990,900
irq,1991,87990
irq,1992,115000
irq,1993,109066
irq,1994,119581
irq,1995,116722
irq,1996,112957
irq,1997,104032
irq,1998,104022
irq,1999,128913
irq,2000,127787
irq,2001,128142
irq,2002,134190
irq,2003,46721
irq,2004,46053
irq,2005,50177
irq,2006,44406
irq,2007,42354
irq,2008,39503
irq,2009,35218
irq,2010,34655
irq,2011,35189
irq,2012,98822
irq,2013,246298
irq,2014,271143
irq,2015,277701
irq,2016,261888
irq,2017,277667
irq,2018,283013
isl,1990,85
isl,1991,141
isl,1992,154
isl,1993,160
isl,1994,160
isl,1995,197
isl,1996,232
isl,1997,260
isl,1998,294
isl,1999,254
isl,2000,244
isl,2001,213
isl,2002,207
isl,2003,239
isl,2004,239
isl,2005,293
isl,2006,267
isl,2007,49
isl,2008,49
isl,2009,62
isl,2010,83
isl,2011,58
isl,2012,60
isl,2013,79
isl,2014,99
isl,2015,179
isl,2016,179
isl,2017,329
isl,2018,504
isr,1998,27
isr,1999,128
isr,2000,4075
isr,2001,4168
isr,2002,4179
isr,2003,4179
isr,2004,574
isr,2005,609
isr,2006,837
isr,2007,1156
isr,2008,9137
isr,2009,17736
isr,2010,25471
isr,2011,41235
isr,2012,48505
isr,2013,48201
isr,2014,39716
isr,2015,32946
isr,2016,32946
isr,2017,25645
isr,2018,18524
ita,1951,26500
ita,1952,25500
ita,1953,24500
ita,1954,21500
ita,1955,18500
ita,1956,21500
ita,1957,21000
ita,1958,21000
ita,1959,18500
ita,1960,15500
ita,1961,14500
ita,1962,14300
ita,1963,14600
ita,1964,14000
ita,1965,15000
ita,1966,14000
ita,1967,13000
ita,1968,13000
ita,1969,14000
ita,1970,13000
ita,1971,12700
ita,1972,12600
ita,1973,12600
ita,1974,13000
ita,1975,11900
ita,1976,11900
ita,1977,11700
ita,1978,11700
ita,1979,14100
ita,1980,21551
ita,1981,22610
ita,1982,22881
ita,1983,22081
ita,1984,21501
ita,1985,22402
ita,1986,21515
ita,1987,20426
ita,1988,19274
ita,1989,13917
ita,1990,10840
ita,1991,9813
ita,1992,9258
ita,1993,50276
ita,1994,73060
ita,1995,74302
ita,1996,64711
ita,1997,66620
ita,1998,5473
ita,1999,6024
ita,2000,6849
ita,2001,8571
ita,2002,10060
ita,2003,12841
ita,2004,15674
ita,2005,20675
ita,2006,26875
ita,2007,38068
ita,2008,47061
ita,2009,54965
ita,2010,56397
ita,2011,58060
ita,2012,64779
ita,2013,76264
ita,2014,93715
ita,2015,118047
ita,2016,147370
ita,2017,167288
ita,2018,189172
jam,1991,4
jam,1992,90
jam,1993,63
jam,1994,41
jam,1995,23
jam,1996,25
jam,1997,33
jam,1998,37
jam,1999,37
jam,2000,38
jam,2009,26
jam,2010,21
jam,2011,20
jam,2012,20
jam,2013,21
jam,2014,22
jam,2015,12
jam,2016,15
jam,2017,12
jam,2018,8
jor,1971,50
jor,1972,50
jor,1978,80
jor,1979,120
jor,1980,60
jor,1981,80
jor,1982,100
jor,1983,150
jor,1984,400
jor,1985,400
jor,1989,130
jor,1990,640
jor,1991,440
jor,1992,270
jor,1993,468
jor,1994,580
jor,1995,698
jor,1996,874
jor,1997,733
jor,1998,777
jor,1999,1012
jor,2000,1072
jor,2001,1067
jor,2002,1199
jor,2003,1196
jor,2004,1100
jor,2005,965
jor,2006,500229
jor,2007,500281
jor,2008,500413
jor,2009,450756
jor,2010,450915
jor,2011,451009
jor,2012,302707
jor,2013,641915
jor,2014,654141
jor,2015,664118
jor,2016,685197
jor,2017,691010
jor,2018,715293
jpn,1977,600
jpn,1978,610
jpn,1979,1260
jpn,1980,2390
jpn,1981,2520
jpn,1982,4390
jpn,1983,4900
jpn,1984,3967
jpn,1985,4707
jpn,1986,5016
jpn,1987,5601
jpn,1988,6110
jpn,1989,6479
jpn,1990,6819
jpn,1991,6397
jpn,1992,6669
jpn,1993,6495
jpn,1994,5942
jpn,1995,5435
jpn,1996,5278
jpn,1997,4851
jpn,1998,4492
jpn,1999,4235
jpn,2000,3752
jpn,2001,3200
jpn,2002,2657
jpn,2003,2266
jpn,2004,1967
jpn,2005,1941
jpn,2006,1844
jpn,2007,1794
jpn,2008,2019
jpn,2009,2332
jpn,2010,2586
jpn,2011,2649
jpn,2012,2581
jpn,2013,2584
jpn,2014,2560
jpn,2015,2474
jpn,2016,2514
jpn,2017,2189
jpn,2018,1893
kaz,1993,5000
kaz,1994,5030
kaz,1995,15561
kaz,1996,15577
kaz,1997,15577
kaz,1998,8338
kaz,1999,14795
kaz,2000,20574
kaz,2001,19531
kaz,2002,20610
kaz,2003,15831
kaz,2004,15844
kaz,2005,7265
kaz,2006,4412
kaz,2007,4285
kaz,2008,4352
kaz,2009,4340
kaz,2010,4406
kaz,2011,616
kaz,2012,564
kaz,2013,584
kaz,2014,633
kaz,2015,708
kaz,2016,653
kaz,2017,602
kaz,2018,568
ken,1970,930
ken,1971,2600
ken,1972,2490
ken,1973,2970
ken,1974,2740
ken,1975,2450
ken,1976,2500
ken,1977,6010
ken,1978,6500
ken,1979,5810
ken,1980,3510
ken,1981,3380
ken,1982,4760
ken,1983,6760
ken,1984,8060
ken,1985,8790
ken,1986,8040
ken,1987,10220
ken,1988,12810
ken,1989,12654
ken,1990,14249
ken,1991,120163
ken,1992,402194
ken,1993,301595
ken,1994,252423
ken,1995,234665
ken,1996,223640
ken,1997,232097
ken,1998,238187
ken,1999,223696
ken,2000,206106
ken,2001,239221
ken,2002,233671
ken,2003,237512
ken,2004,239835
ken,2005,251271
ken,2006,272531
ken,2007,265729
ken,2008,320605
ken,2009,358928
ken,2010,402905
ken,2011,566487
ken,2012,564933
ken,2013,534938
ken,2014,551352
ken,2015,553912
ken,2016,451099
ken,2017,431888
ken,2018,421228
kgz,1993,21242
kgz,1994,21239
kgz,1995,13407
kgz,1996,16707
kgz,1997,15276
kgz,1998,14560
kgz,1999,10849
kgz,2000,10609
kgz,2001,9296
kgz,2002,7708
kgz,2003,5591
kgz,2004,3753
kgz,2005,2598
kgz,2006,366
kgz,2007,723
kgz,2008,375
kgz,2009,423
kgz,2010,2458
kgz,2011,6095
kgz,2012,4941
kgz,2013,466
kgz,2014,482
kgz,2015,354
kgz,2016,339
kgz,2017,334
kgz,2018,319
khm,1964,10000
khm,1965,15000
khm,1966,17000
khm,1967,20000
khm,1968,22000
khm,1969,22000
khm,1970,20000
khm,1993,5
khm,1994,10
khm,1995,15
khm,1996,16
khm,1997,14
khm,1998,21
khm,1999,21
khm,2000,34
khm,2001,50
khm,2002,200
khm,2003,76
khm,2004,382
khm,2005,127
khm,2006,99
khm,2007,179
khm,2008,164
khm,2009,135
khm,2010,129
khm,2011,64
khm,2012,77
khm,2013,68
khm,2014,63
khm,2015,76
khm,2016,66
khm,2017,61
kna,2014,1
kor,1978,70
kor,1979,170
kor,1981,60
kor,1982,70
kor,1987,60
kor,1988,120
kor,1989,230
kor,1990,230
kor,1991,162
kor,1992,149
kor,1995,5
kor,1996,6
kor,1997,3
kor,1998,1
kor,1999,7
kor,2000,6
kor,2001,7
kor,2002,17
kor,2003,25
kor,2004,44
kor,2005,69
kor,2006,96
kor,2007,118
kor,2008,172
kor,2009,268
kor,2010,358
kor,2011,401
kor,2012,487
kor,2013,548
kor,2014,1173
kor,2015,1463
kor,2016,1807
kor,2017,2215
kor,2018,2875
kwt,1979,5000
kwt,1980,5000
kwt,1981,2000
kwt,1982,2220
kwt,1983,2220
kwt,1984,2810
kwt,1985,2280
kwt,1989,210
kwt,1991,45590
kwt,1992,44879
kwt,1993,30000
kwt,1994,30020
kwt,1995,3306
kwt,1996,3831
kwt,1997,3787
kwt,1998,4182
kwt,1999,4334
kwt,2000,2776
kwt,2001,1255
kwt,2002,1521
kwt,2003,1518
kwt,2004,1519
kwt,2005,1523
kwt,2006,50
kwt,2007,38159
kwt,2008,38238
kwt,2009,221
kwt,2010,184
kwt,2011,335
kwt,2012,674
kwt,2013,635
kwt,2014,614
kwt,2015,741
kwt,2016,939
kwt,2017,612
kwt,2018,661
lao,1972,700
lao,1975,70
lao,1976,110
lao,1977,100
lao,1978,120
lao,1979,110
lao,1980,10370
lao,1981,3500
lao,1982,3500
lao,1983,1260
lao,1984,1200
lao,1987,80
lao,1998,2
lbn,1964,1310
lbn,1965,570
lbn,1966,3430
lbn,1968,4510
lbn,1969,4510
lbn,1971,3050
lbn,1972,3340
lbn,1973,3830
lbn,1976,700000
lbn,1977,700000
lbn,1978,5000
lbn,1979,2900
lbn,1980,5000
lbn,1981,3200
lbn,1982,2800
lbn,1983,2920
lbn,1984,2920
lbn,1985,4890
lbn,1986,5920
lbn,1987,5900
lbn,1988,4420
lbn,1989,4350
lbn,1990,2550
lbn,1991,5223
lbn,1992,6012
lbn,1993,1187
lbn,1994,1359
lbn,1995,1867
lbn,1996,2408
lbn,1997,3062
lbn,1998,3684
lbn,1999,4172
lbn,2000,2672
lbn,2001,2815
lbn,2002,2820
lbn,2003,2522
lbn,2004,1753
lbn,2005,1078
lbn,2006,20164
lbn,2007,50337
lbn,2008,50419
lbn,2009,50413
lbn,2010,8063
lbn,2011,8990
lbn,2012,133940
lbn,2013,856546
lbn,2014,1154040
lbn,2015,1070854
lbn,2016,1012969
lbn,2017,998876
lbn,2018,949653
lbr,1969,1000
lbr,1971,60
lbr,1977,1550
lbr,1983,90
lbr,1984,260
lbr,1985,180
lbr,1986,250
lbr,1987,170
lbr,1988,80
lbr,1989,250
lbr,1992,100048
lbr,1993,150153
lbr,1994,120163
lbr,1995,120080
lbr,1996,120061
lbr,1997,126886
lbr,1998,96317
lbr,1999,96317
lbr,2000,69315
lbr,2001,54760
lbr,2002,64956
lbr,2003,33997
lbr,2004,15172
lbr,2005,10168
lbr,2006,16185
lbr,2007,10466
lbr,2008,10224
lbr,2009,6952
lbr,2010,24743
lbr,2011,128293
lbr,2012,65909
lbr,2013,53253
lbr,2014,38595
lbr,2015,36505
lbr,2016,18990
lbr,2017,11109
lbr,2018,9103
lby,1993,1185
lby,1994,1999
lby,1995,3973
lby,1996,7747
lby,1997,8481
lby,1998,10558
lby,1999,10535
lby,2000,11543
lby,2001,11664
lby,2002,11666
lby,2003,11897
lby,2004,12166
lby,2005,12166
lby,2006,2760
lby,2007,4098
lby,2008,6713
lby,2009,9005
lby,2010,7923
lby,2011,10130
lby,2012,7065
lby,2013,25561
lby,2014,27964
lby,2015,9305
lby,2016,9310
lby,2017,9346
lby,2018,8787
lca,1997,3
lca,2011,2
lca,2012,2
lca,2013,5
lca,2014,3
lca,2015,1
lca,2016,2
lie,2000,70
lie,2001,141
lie,2002,128
lie,2003,149
lie,2004,149
lie,2005,150
lie,2006,277
lie,2007,283
lie,2008,89
lie,2009,91
lie,2010,92
lie,2011,94
lie,2012,102
lie,2013,97
lie,2014,103
lie,2015,150
lie,2016,163
lie,2017,158
lie,2018,156
lka,1991,15
lka,1992,21
lka,1993,19
lka,1994,13
lka,1995,16
lka,1996,14
lka,1997,26
lka,1998,29
lka,1999,21
lka,2000,16
lka,2001,17
lka,2002,28
lka,2003,30
lka,2004,63
lka,2005,106
lka,2006,162
lka,2007,182
lka,2008,269
lka,2009,251
lka,2010,223
lka,2011,188
lka,2012,110
lka,2013,145
lka,2014,511
lka,2015,784
lka,2016,604
lka,2017,820
lka,2018,796
lso,1970,70
lso,1971,190
lso,1972,60
lso,1973,180
lso,1974,190
lso,1975,190
lso,1976,900
lso,1977,1130
lso,1978,990
lso,1979,690
lso,1980,10000
lso,1981,11500
lso,1982,11500
lso,1983,11500
lso,1984,11850
lso,1985,11500
lso,1986,11500
lso,1987,4000
lso,1988,4230
lso,1989,4248
lso,1990,214
lso,1991,220
lso,1992,117
lso,1993,60
lso,1994,58
lso,1999,1
lso,2001,39
lso,2011,34
lso,2012,34
lso,2013,30
lso,2014,44
lso,2015,31
lso,2016,45
lso,2017,54
lso,2018,51
ltu,1997,6
ltu,1998,34
ltu,1999,44
ltu,2000,55
ltu,2001,287
ltu,2002,368
ltu,2003,403
ltu,2004,470
ltu,2005,531
ltu,2006,531
ltu,2007,688
ltu,2008,751
ltu,2009,793
ltu,2010,803
ltu,2011,821
ltu,2012,871
ltu,2013,916
ltu,2014,1007
ltu,2015,1093
ltu,2016,1093
ltu,2017,1557
ltu,2018,1711
lux,1951,1800
lux,1952,1800
lux,1953,1800
lux,1954,1800
lux,1955,1800
lux,1956,1900
lux,1957,1900
lux,1958,1900
lux,1959,1900
lux,1960,1900
lux,1961,1900
lux,1962,1900
lux,1963,1900
lux,1990,687
lux,1991,692
lux,1992,2208
lux,1993,225
lux,1994,300
lux,1995,700
lux,1996,700
lux,1997,700
lux,1998,700
lux,1999,700
lux,2000,759
lux,2001,1201
lux,2002,1201
lux,2003,1201
lux,2004,1590
lux,2005,1822
lux,2006,2206
lux,2007,2737
lux,2008,3109
lux,2009,3230
lux,2010,3254
lux,2011,2855
lux,2012,2910
lux,2013,920
lux,2014,1108
lux,2015,1332
lux,2016,2046
lux,2017,2007
lux,2018,1995
lva,1998,2
lva,1999,6
lva,2000,7
lva,2001,8
lva,2002,7
lva,2003,17
lva,2004,11
lva,2005,11
lva,2006,21
lva,2007,29
lva,2008,32
lva,2009,43
lva,2010,68
lva,2011,95
lva,2012,125
lva,2013,160
lva,2014,183
lva,2015,208
lva,2016,349
lva,2017,642
lva,2018,649
mac,1964,80000
mac,1965,80000
mac,1966,73770
mac,1967,74000
mac,1968,70000
mac,1969,65000
mac,1970,66000
mac,1971,70000
mac,1972,80000
mac,1978,850
mac,1979,3490
mac,1980,2920
mac,1981,1200
mac,1982,970
mac,1983,800
mac,1984,730
mac,1985,700
mac,1986,600
mac,1987,500
mac,1988,440
mac,1989,422
mac,1990,205
mac,1991,116
mac,1992,15
mac,1993,10
mac,1994,9
mac,1995,8
mac,2009,6
mac,2011,1
mar,1951,3000
mar,1952,2900
mar,1953,2800
mar,1954,3500
mar,1958,2700
mar,1959,2700
mar,1960,2700
mar,1961,2900
mar,1962,2900
mar,1963,3200
mar,1964,3000
mar,1965,2360
mar,1966,2180
mar,1967,3000
mar,1968,1480
mar,1969,1440
mar,1970,1440
mar,1971,1430
mar,1972,1380
mar,1973,860
mar,1974,620
mar,1975,510
mar,1976,360
mar,1977,500
mar,1978,500
mar,1979,500
mar,1980,340
mar,1981,500
mar,1982,510
mar,1983,540
mar,1984,800
mar,1985,860
mar,1986,800
mar,1987,800
mar,1988,800
mar,1989,303
mar,1990,311
mar,1991,322
mar,1992,319
mar,1993,336
mar,1994,336
mar,1995,55
mar,1996,51
mar,1997,57
mar,1998,901
mar,1999,901
mar,2000,2105
mar,2001,2091
mar,2002,2127
mar,2003,2121
mar,2004,195
mar,2005,219
mar,2006,503
mar,2007,786
mar,2008,766
mar,2009,773
mar,2010,792
mar,2011,736
mar,2012,744
mar,2013,1470
mar,2014,1216
mar,2015,3908
mar,2016,4771
mar,2017,4682
mar,2018,5912
mco,2011,37
mco,2012,37
mco,2013,34
mco,2014,33
mco,2015,32
mco,2016,32
mco,2017,25
mco,2018,25
mda,1999,8
mda,2000,68
mda,2001,159
mda,2002,173
mda,2003,102
mda,2004,57
mda,2005,84
mda,2006,161
mda,2007,151
mda,2008,148
mda,2009,141
mda,2010,148
mda,2011,146
mda,2012,185
mda,2013,250
mda,2014,335
mda,2015,446
mda,2016,432
mda,2017,375
mda,2018,389
mdg,1994,73
mdg,1999,28
mdg,2000,50
mdg,2001,34
mdg,2011,9
mdg,2012,9
mdg,2013,12
mdg,2014,11
mdg,2015,10
mdg,2016,28
mdg,2017,38
mdg,2018,34
mex,1970,3000
mex,1971,3000
mex,1972,3000
mex,1973,4000
mex,1974,3500
mex,1977,4000
mex,1978,5000
mex,1979,5770
mex,1980,44000
mex,1981,150000
mex,1982,167750
mex,1983,170000
mex,1984,175000
mex,1985,175000
mex,1986,175100
mex,1987,177090
mex,1988,356400
mex,1989,356507
mex,1990,356400
mex,1991,360170
mex,1992,360991
mex,1993,52477
mex,1994,47363
mex,1995,38717
mex,1996,34569
mex,1997,31908
mex,1998,28251
mex,1999,24511
mex,2000,18451
mex,2001,15455
mex,2002,12962
mex,2003,6075
mex,2004,4343
mex,2005,3229
mex,2006,3319
mex,2007,1616
mex,2008,1055
mex,2009,1235
mex,2010,1395
mex,2011,1677
mex,2012,1520
mex,2013,1831
mex,2014,1837
mex,2015,2923
mex,2016,6202
mex,2017,8975
mex,2018,16485
mkd,1992,32000
mkd,1993,31452
mkd,1994,14891
mkd,1995,9048
mkd,1996,5089
mkd,1997,3500
mkd,1998,1700
mkd,1999,21200
mkd,2000,9050
mkd,2001,4363
mkd,2002,2816
mkd,2003,193
mkd,2004,1004
mkd,2005,1274
mkd,2006,1240
mkd,2007,1235
mkd,2008,1672
mkd,2009,1542
mkd,2010,1398
mkd,2011,1130
mkd,2012,1077
mkd,2013,982
mkd,2014,883
mkd,2015,701
mkd,2016,637
mkd,2017,413
mkd,2018,398
mli,1971,60
mli,1986,50
mli,1987,50
mli,1988,50
mli,1989,50
mli,1990,13411
mli,1991,13120
mli,1992,13109
mli,1993,15224
mli,1994,15800
mli,1995,17916
mli,1996,18234
mli,1997,12552
mli,1998,13598
mli,1999,8302
mli,2000,8412
mli,2001,8439
mli,2002,9095
mli,2003,10009
mli,2004,11256
mli,2005,11233
mli,2006,10585
mli,2007,9203
mli,2008,9578
mli,2009,13538
mli,2010,13558
mli,2011,15624
mli,2012,13928
mli,2013,14316
mli,2014,15195
mli,2015,15917
mli,2016,17512
mli,2017,17036
mli,2018,26533
mlt,1993,505
mlt,1994,429
mlt,1995,416
mlt,1996,367
mlt,1997,343
mlt,1998,296
mlt,1999,271
mlt,2000,190
mlt,2001,176
mlt,2002,307
mlt,2003,895
mlt,2004,1558
mlt,2005,1939
mlt,2006,2404
mlt,2007,3000
mlt,2008,4332
mlt,2009,5955
mlt,2010,6136
mlt,2011,6952
mlt,2012,8248
mlt,2013,9906
mlt,2014,6095
mlt,2015,7075
mlt,2016,7948
mlt,2017,7961
mlt,2018,8529
mne,2006,6926
mne,2007,8528
mne,2008,24741
mne,2009,24019
mne,2010,16364
mne,2011,12874
mne,2012,11198
mne,2013,8476
mne,2014,6462
mne,2015,1771
mne,2016,974
mne,2017,789
mne,2018,712
mng,2006,5
mng,2007,5
mng,2008,11
mng,2009,11
mng,2010,12
mng,2011,1
mng,2012,4
mng,2013,9
mng,2014,6
mng,2015,9
mng,2016,8
mng,2017,4
moz,1975,44570
moz,1976,30000
moz,1977,42460
moz,1978,100000
moz,1979,150000
moz,1980,100
moz,1981,100
moz,1982,130
moz,1983,900
moz,1984,820
moz,1985,710
moz,1986,660
moz,1987,400
moz,1988,390
moz,1989,400
moz,1990,420
moz,1991,420
moz,1992,299
moz,1993,202
moz,1994,322
moz,1995,128
moz,1996,198
moz,1997,72
moz,1998,52
moz,1999,220
moz,2000,207
moz,2001,207
moz,2002,207
moz,2003,311
moz,2004,623
moz,2005,1954
moz,2006,2558
moz,2007,2767
moz,2008,3163
moz,2009,3547
moz,2010,4077
moz,2011,4079
moz,2012,4398
moz,2013,4445
moz,2014,4536
moz,2015,5622
moz,2016,4671
moz,2017,4874
moz,2018,4895
mrt,1987,50
mrt,1989,15000
mrt,1990,60000
mrt,1991,35200
mrt,1992,37500
mrt,1993,51548
mrt,1994,82229
mrt,1995,34394
mrt,1996,15880
mrt,1997,7511
mrt,1998,26
mrt,1999,223
mrt,2000,350
mrt,2001,365
mrt,2002,405
mrt,2003,475
mrt,2004,473
mrt,2005,632
mrt,2006,770
mrt,2007,30471
mrt,2008,27041
mrt,2009,26795
mrt,2010,26717
mrt,2011,26535
mrt,2012,80496
mrt,2013,92767
mrt,2014,75635
mrt,2015,77394
mrt,2016,74148
mrt,2017,77412
mrt,2018,83169
mus,1999,43
mus,2001,14
mus,2018,11
mwi,1986,100000
mwi,1987,401640
mwi,1988,628133
mwi,1989,822503
mwi,1990,926725
mwi,1991,981812
mwi,1992,1058498
mwi,1993,713607
mwi,1994,90242
mwi,1995,1018
mwi,1996,1268
mwi,1997,280
mwi,1998,1245
mwi,1999,1700
mwi,2000,3900
mwi,2001,6200
mwi,2002,2166
mwi,2003,3202
mwi,2004,3682
mwi,2005,4240
mwi,2006,3943
mwi,2007,2929
mwi,2008,4175
mwi,2009,5443
mwi,2010,5740
mwi,2011,6308
mwi,2012,6544
mwi,2013,5796
mwi,2014,5874
mwi,2015,9019
mwi,2016,9392
mwi,2017,8977
mwi,2018,13773
mys,1977,96000
mys,1978,141580
mys,1979,124880
mys,1980,104040
mys,1981,103250
mys,1982,99240
mys,1983,110700
mys,1984,109060
mys,1985,105310
mys,1986,99000
mys,1987,99420
mys,1988,104553
mys,1989,110482
mys,1990,14862
mys,1991,13947
mys,1992,11399
mys,1993,154
mys,1994,5308
mys,1995,5278
mys,1996,5309
mys,1997,5285
mys,1998,50614
mys,1999,50517
mys,2000,50487
mys,2001,50466
mys,2002,50612
mys,2003,7424
mys,2004,24905
mys,2005,33693
mys,2006,37170
mys,2007,32658
mys,2008,36671
mys,2009,66137
mys,2010,81516
mys,2011,86680
mys,2012,90185
mys,2013,97513
mys,2014,99381
mys,2015,94166
mys,2016,92263
mys,2017,103804
mys,2018,121255
nam,1991,136
nam,1992,171
nam,1993,585
nam,1994,1144
nam,1995,1682
nam,1996,2204
nam,1997,2511
nam,1998,3820
nam,1999,7612
nam,2000,27263
nam,2001,30885
nam,2002,21651
nam,2003,19800
nam,2004,14773
nam,2005,5307
nam,2006,5462
nam,2007,6525
nam,2008,6799
nam,2009,7163
nam,2010,7254
nam,2011,6049
nam,2012,1806
nam,2013,2332
nam,2014,1767
nam,2015,1737
nam,2016,1757
nam,2017,2177
nam,2018,2379
ner,1977,1500
ner,1990,792
ner,1991,1385
ner,1992,3699
ner,1993,16692
ner,1994,15070
ner,1995,27622
ner,1996,25845
ner,1997,7376
ner,1998,3691
ner,1999,350
ner,2000,58
ner,2001,83
ner,2002,296
ner,2003,328
ner,2004,344
ner,2005,301
ner,2006,317
ner,2007,319
ner,2008,320
ner,2009,325
ner,2010,314
ner,2011,302
ner,2012,50510
ner,2013,57661
ner,2014,77830
ner,2015,124721
ner,2016,166093
ner,2017,165719
ner,2018,175403
nga,1976,50
nga,1977,300
nga,1978,370
nga,1979,400
nga,1980,100000
nga,1981,89570
nga,1982,5240
nga,1983,4620
nga,1984,4570
nga,1985,5880
nga,1986,4760
nga,1987,5100
nga,1988,5173
nga,1989,3781
nga,1990,3571
nga,1991,3573
nga,1992,4782
nga,1993,4829
nga,1994,6026
nga,1995,8118
nga,1996,8486
nga,1997,9071
nga,1998,6780
nga,1999,6941
nga,2000,7270
nga,2001,7200
nga,2002,7355
nga,2003,9171
nga,2004,8395
nga,2005,9019
nga,2006,8768
nga,2007,8460
nga,2008,10124
nga,2009,9127
nga,2010,8747
nga,2011,8806
nga,2012,3154
nga,2013,1694
nga,2014,1239
nga,2015,1395
nga,2016,1367
nga,2017,1904
nga,2018,34717
nic,1972,50
nic,1980,4100
nic,1981,21320
nic,1982,23800
nic,1983,18500
nic,1984,18500
nic,1985,17270
nic,1986,8280
nic,1987,9000
nic,1988,16000
nic,1989,15210
nic,1990,16000
nic,1991,14933
nic,1992,14450
nic,1993,5643
nic,1994,314
nic,1995,577
nic,1996,557
nic,1997,465
nic,1998,474
nic,1999,471
nic,2000,332
nic,2001,325
nic,2002,325
nic,2003,300
nic,2004,292
nic,2005,227
nic,2006,199
nic,2007,184
nic,2008,147
nic,2009,120
nic,2010,64
nic,2011,86
nic,2012,129
nic,2013,189
nic,2014,280
nic,2015,330
nic,2016,331
nic,2017,322
nic,2018,321
nld,1951,14200
nld,1952,14100
nld,1953,13900
nld,1954,12400
nld,1955,11400
nld,1956,13600
nld,1957,13500
nld,1958,13000
nld,1959,12800
nld,1960,12000
nld,1961,10000
nld,1962,10000
nld,1963,9500
nld,1964,9500
nld,1965,9000
nld,1966,8500
nld,1967,8000
nld,1968,8000
nld,1969,8000
nld,1970,8524
nld,1971,8600
nld,1972,8830
nld,1973,8400
nld,1974,8015
nld,1975,7850
nld,1976,7900
nld,1977,8000
nld,1978,8000
nld,1979,10000
nld,1980,12000
nld,1981,13000
nld,1982,14000
nld,1983,14500
nld,1984,15000
nld,1985,15500
nld,1986,16000
nld,1987,24000
nld,1988,25963
nld,1989,16971
nld,1990,17337
nld,1991,19020
nld,1992,29739
nld,1993,43538
nld,1994,62163
nld,1995,79960
nld,1996,102588
nld,1997,118071
nld,1998,131490
nld,1999,138646
nld,2000,146180
nld,2001,151928
nld,2002,148362
nld,2003,140886
nld,2004,126805
nld,2005,118189
nld,2006,100574
nld,2007,86587
nld,2008,77600
nld,2009,76008
nld,2010,74961
nld,2011,74598
nld,2012,71909
nld,2013,74707
nld,2014,82494
nld,2015,88536
nld,2016,101744
nld,2017,103830
nld,2018,101794
nld_curacao,2010,7
nld_curacao,2011,6
nld_curacao,2012,14
nld_curacao,2013,15
nld_curacao,2014,37
nld_curacao,2015,48
nld_curacao,2016,54
nld_curacao,2017,74
nld_curacao,2018,99
nor,1951,2500
nor,1952,2500
nor,1953,2500
nor,1954,2300
nor,1955,2300
nor,1956,2800
nor,1957,3400
nor,1958,3300
nor,1959,3100
nor,1960,3000
nor,1961,3000
nor,1962,3000
nor,1963,3000
nor,1970,2000
nor,1971,3000
nor,1972,3000
nor,1973,3000
nor,1974,3000
nor,1975,3000
nor,1976,1000
nor,1977,6000
nor,1978,6000
nor,1979,6000
nor,1980,6000
nor,1981,6000
nor,1982,6000
nor,1983,10000
nor,1984,10000
nor,1985,11800
nor,1986,13200
nor,1987,15000
nor,1988,10952
nor,1989,18500
nor,1990,19581
nor,1991,29054
nor,1992,29846
nor,1993,38375
nor,1994,44617
nor,1995,47607
nor,1996,48409
nor,1997,47381
nor,1998,45334
nor,1999,43440
nor,2000,47693
nor,2001,50128
nor,2002,50432
nor,2003,46109
nor,2004,44046
nor,2005,43034
nor,2006,43336
nor,2007,34522
nor,2008,36101
nor,2009,37826
nor,2010,40260
nor,2011,40691
nor,2012,42822
nor,2013,46106
nor,2014,47043
nor,2015,50389
nor,2016,59522
nor,2017,59192
nor,2018,56964
npl,1964,7000
npl,1965,7000
npl,1966,7000
npl,1967,7180
npl,1968,7730
npl,1969,7990
npl,1970,8060
npl,1971,7930
npl,1972,8000
npl,1973,8000
npl,1974,8100
npl,1975,8200
npl,1976,8300
npl,1977,8400
npl,1978,8500
npl,1979,8600
npl,1980,8700
npl,1981,8800
npl,1982,9800
npl,1983,10800
npl,1984,11800
npl,1985,12800
npl,1986,13800
npl,1987,14800
npl,1988,15800
npl,1989,16850
npl,1990,17800
npl,1991,28319
npl,1992,95251
npl,1993,105342
npl,1994,123271
npl,1995,124754
npl,1996,126815
npl,1997,129157
npl,1998,126101
npl,1999,127940
npl,2000,129237
npl,2001,130945
npl,2002,132436
npl,2003,123667
npl,2004,124928
npl,2005,126436
npl,2006,128175
npl,2007,130681
npl,2008,124832
npl,2009,108461
npl,2010,89808
npl,2011,72654
npl,2012,56264
npl,2013,46305
npl,2014,38490
npl,2015,32667
npl,2016,25249
npl,2017,21467
npl,2018,20804
nru,2014,389
nru,2015,506
nru,2016,506
nru,2017,952
nru,2018,944
nzl,1967,3000
nzl,1968,2000
nzl,1969,2000
nzl,1970,2000
nzl,1978,10000
nzl,1979,10000
nzl,1980,10000
nzl,1981,10600
nzl,1982,10600
nzl,1983,10600
nzl,1984,4500
nzl,1985,4600
nzl,1986,4400
nzl,1987,4200
nzl,1988,4150
nzl,1989,4666
nzl,1990,4666
nzl,1991,16760
nzl,1992,17310
nzl,1993,3942
nzl,1994,3668
nzl,1995,3758
nzl,1996,3788
nzl,1997,3646
nzl,1998,4097
nzl,1999,4800
nzl,2000,4923
nzl,2001,5264
nzl,2002,5757
nzl,2003,5807
nzl,2004,5350
nzl,2005,5307
nzl,2006,4906
nzl,2007,2740
nzl,2008,2716
nzl,2009,3289
nzl,2010,2307
nzl,2011,1934
nzl,2012,1517
nzl,2013,1403
nzl,2014,1349
nzl,2015,1337
nzl,2016,1421
nzl,2017,1434
nzl,2018,1500
omn,2004,7
omn,2005,7
omn,2006,7
omn,2007,7
omn,2008,7
omn,2009,26
omn,2010,78
omn,2011,83
omn,2012,138
omn,2013,138
omn,2014,151
omn,2015,245
omn,2016,317
omn,2017,308
omn,2018,305
pak,1979,400000
pak,1980,1428230
pak,1981,2375330
pak,1982,2877480
pak,1983,2901360
pak,1984,2500000
pak,1985,2732440
pak,1986,2882100
pak,1987,3159000
pak,1988,3257577
pak,1989,3275715
pak,1990,3255975
pak,1991,3099891
pak,1992,1629218
pak,1993,1479266
pak,1994,1055435
pak,1995,1202493
pak,1996,1202703
pak,1997,1202734
pak,1998,1202462
pak,1999,1202015
pak,2000,2001466
pak,2001,2198797
pak,2002,1227433
pak,2003,1124298
pak,2004,1290984
pak,2005,1084694
pak,2006,1044462
pak,2007,2035023
pak,2008,1780935
pak,2009,1740711
pak,2010,1900621
pak,2011,1702700
pak,2012,1638456
pak,2013,1616507
pak,2014,1505525
pak,2015,1561162
pak,2016,1352560
pak,2017,1393132
pak,2018,1404008
pan,1972,130
pan,1974,1150
pan,1977,500
pan,1978,1050
pan,1979,1070
pan,1980,3320
pan,1981,1500
pan,1982,1820
pan,1983,1500
pan,1984,1500
pan,1985,1200
pan,1986,1270
pan,1987,1600
pan,1988,1992
pan,1989,1451
pan,1990,1350
pan,1991,914
pan,1992,1007
pan,1993,964
pan,1994,972
pan,1995,867
pan,1996,867
pan,1997,622
pan,1998,1188
pan,1999,1321
pan,2000,1313
pan,2001,1474
pan,2002,1573
pan,2003,1445
pan,2004,1608
pan,2005,1730
pan,2006,1848
pan,2007,16890
pan,2008,16913
pan,2009,16923
pan,2010,17073
pan,2011,17262
pan,2012,17429
pan,2013,17665
pan,2014,17271
pan,2015,17322
pan,2016,17350
pan,2017,2380
pan,2018,2456
per,1970,1500
per,1971,1500
per,1972,1550
per,1974,4600
per,1975,600
per,1976,440
per,1977,1200
per,1978,1100
per,1979,6280
per,1980,1460
per,1981,1500
per,1982,1200
per,1983,600
per,1984,560
per,1985,700
per,1986,600
per,1987,640
per,1988,654
per,1989,691
per,1990,724
per,1991,683
per,1992,640
per,1993,738
per,1994,659
per,1995,610
per,1996,663
per,1997,750
per,1998,433
per,1999,702
per,2000,687
per,2001,683
per,2002,688
per,2003,718
per,2004,766
per,2005,848
per,2006,911
per,2007,995
per,2008,1075
per,2009,1108
per,2010,1146
per,2011,1144
per,2012,1122
per,2013,1162
per,2014,1303
per,2015,1488
per,2016,1649
per,2017,1774
per,2018,2466
phl,1975,690
phl,1976,940
phl,1977,1300
phl,1978,5300
phl,1979,5300
phl,1980,20300
phl,1981,23310
phl,1982,15240
phl,1983,18890
phl,1984,18270
phl,1985,16990
phl,1986,13830
phl,1987,13170
phl,1988,21109
phl,1989,26651
phl,1990,19860
phl,1991,8972
phl,1992,6722
phl,1993,2477
phl,1994,669
phl,1995,783
phl,1996,691
phl,1997,311
phl,1998,307
phl,1999,170
phl,2000,176
phl,2001,136
phl,2002,114
phl,2003,108
phl,2004,107
phl,2005,96
phl,2006,100
phl,2007,106
phl,2008,104
phl,2009,95
phl,2010,243
phl,2011,125
phl,2012,141
phl,2013,182
phl,2014,222
phl,2015,269
phl,2016,408
phl,2017,494
phl,2018,611
plw,2009,11
plw,2011,1
plw,2012,1
plw,2013,1
plw,2014,1
plw,2016,1
png,1978,1000
png,1979,1000
png,1980,1000
png,1981,150
png,1982,2200
png,1983,1230
png,1984,10950
png,1985,11750
png,1986,11290
png,1987,9620
png,1988,9241
png,1989,7732
png,1990,7099
png,1991,6098
png,1992,6686
png,1993,7670
png,1994,8461
png,1995,9601
png,1996,10176
png,1997,8198
png,1998,8198
png,1999,6666
png,2000,5863
png,2001,4941
png,2002,4941
png,2003,7491
png,2004,7627
png,2005,9999
png,2006,10183
png,2007,10003
png,2008,10006
png,2009,9703
png,2010,9698
png,2011,9377
png,2012,9383
png,2013,9378
png,2014,9510
png,2015,9510
png,2016,9536
png,2017,10018
png,2018,10022
pol,1991,550
pol,1992,2719
pol,1993,810
pol,1994,393
pol,1995,600
pol,1996,600
pol,1997,835
pol,1998,898
pol,1999,942
pol,2000,1020
pol,2001,1311
pol,2002,1591
pol,2003,1836
pol,2004,2507
pol,2005,4604
pol,2006,6790
pol,2007,10053
pol,2008,12774
pol,2009,15320
pol,2010,15555
pol,2011,15847
pol,2012,15911
pol,2013,16438
pol,2014,15741
pol,2015,14065
pol,2016,11747
pol,2017,12202
pol,2018,12455
prt,1975,150
prt,1977,7500
prt,1978,7500
prt,1979,7600
prt,1980,7600
prt,1981,7600
prt,1982,7600
prt,1983,700
prt,1984,600
prt,1985,700
prt,1986,800
prt,1987,800
prt,1988,789
prt,1989,657
prt,1990,867
prt,1991,998
prt,1992,1778
prt,1993,600
prt,1994,248
prt,1995,248
prt,1996,308
prt,1997,319
prt,1998,339
prt,1999,379
prt,2000,433
prt,2001,449
prt,2002,462
prt,2003,418
prt,2004,377
prt,2005,363
prt,2006,333
prt,2007,353
prt,2008,403
prt,2009,389
prt,2010,384
prt,2011,408
prt,2012,483
prt,2013,598
prt,2014,699
prt,2015,853
prt,2016,1194
prt,2017,1577
prt,2018,2090
pry,1969,4000
pry,1970,1500
pry,1971,1500
pry,1972,1400
pry,1974,1160
pry,1977,1500
pry,1978,1500
pry,1979,1200
pry,1980,800
pry,1981,800
pry,1982,50
pry,1983,50
pry,1985,80
pry,1986,60
pry,1987,50
pry,1988,50
pry,1989,50
pry,1990,66
pry,1991,66
pry,1992,45
pry,1993,52
pry,1994,60
pry,1995,60
pry,1996,53
pry,1997,47
pry,1998,30
pry,1999,19
pry,2000,21
pry,2001,21
pry,2002,21
pry,2003,28
pry,2004,41
pry,2005,50
pry,2006,59
pry,2007,62
pry,2008,75
pry,2009,89
pry,2010,107
pry,2011,124
pry,2012,133
pry,2013,136
pry,2014,153
pry,2015,172
pry,2016,204
pry,2017,199
pry,2018,250
qat,1980,200
qat,1981,200
qat,1982,200
qat,1983,200
qat,1984,200
qat,1985,200
qat,1999,6
qat,2000,31
qat,2001,67
qat,2002,46
qat,2003,46
qat,2004,46
qat,2005,46
qat,2006,46
qat,2007,46
qat,2008,13
qat,2009,29
qat,2010,51
qat,2011,80
qat,2012,80
qat,2013,130
qat,2014,133
qat,2015,120
qat,2016,177
qat,2017,188
qat,2018,189
rou,1977,1000
rou,1978,1000
rou,1979,1000
rou,1980,1000
rou,1981,1000
rou,1982,1000
rou,1983,1000
rou,1984,1000
rou,1991,651
rou,1992,520
rou,1993,1170
rou,1994,1170
rou,1995,194
rou,1996,269
rou,1997,640
rou,1998,989
rou,1999,1242
rou,2000,1685
rou,2001,1805
rou,2002,1857
rou,2003,2011
rou,2004,1627
rou,2005,2056
rou,2006,1658
rou,2007,1757
rou,2008,1596
rou,2009,1069
rou,2010,1021
rou,2011,1005
rou,2012,1262
rou,2013,1770
rou,2014,2182
rou,2015,2598
rou,2016,2905
rou,2017,3888
rou,2018,4104
rus,1996,246691
rus,1997,237720
rus,1998,128574
rus,1999,80060
rus,2000,26265
rus,2001,17970
rus,2002,14969
rus,2003,9899
rus,2004,1852
rus,2005,1523
rus,2006,1425
rus,2007,1655
rus,2008,3479
rus,2009,4880
rus,2010,4922
rus,2011,3914
rus,2012,3178
rus,2013,3458
rus,2014,235750
rus,2015,314507
rus,2016,228990
rus,2017,125998
rus,2018,77347
rwa,1965,3000
rwa,1966,250
rwa,1972,4000
rwa,1973,6500
rwa,1974,6000
rwa,1975,7400
rwa,1976,7500
rwa,1977,7500
rwa,1978,7600
rwa,1979,7900
rwa,1980,10450
rwa,1981,18150
rwa,1982,62000
rwa,1983,49500
rwa,1984,48940
rwa,1985,20110
rwa,1986,19400
rwa,1987,19470
rwa,1988,22202
rwa,1989,23290
rwa,1990,23601
rwa,1991,34004
rwa,1992,25162
rwa,1993,277000
rwa,1994,6000
rwa,1995,7792
rwa,1996,25257
rwa,1997,34227
rwa,1998,33403
rwa,1999,34365
rwa,2000,28398
rwa,2001,34786
rwa,2002,30863
rwa,2003,36608
rwa,2004,50221
rwa,2005,45206
rwa,2006,49192
rwa,2007,53577
rwa,2008,55062
rwa,2009,54016
rwa,2010,55398
rwa,2011,55325
rwa,2012,58212
rwa,2013,73349
rwa,2014,73820
rwa,2015,144737
rwa,2016,156065
rwa,2017,170984
rwa,2018,145354
sau,1974,100
sau,1979,100000
sau,1980,100000
sau,1981,65000
sau,1982,59000
sau,1983,59000
sau,1984,105500
sau,1985,130000
sau,1986,202100
sau,1991,33261
sau,1992,28660
sau,1993,24025
sau,1994,17965
sau,1995,13169
sau,1996,9852
sau,1997,5833
sau,1998,5531
sau,1999,5562
sau,2000,5309
sau,2001,245268
sau,2002,245290
sau,2003,240835
sau,2004,240552
sau,2005,240701
sau,2006,240772
sau,2007,240742
sau,2008,240572
sau,2009,575
sau,2010,582
sau,2011,599
sau,2012,577
sau,2013,559
sau,2014,561
sau,2015,125
sau,2016,140
sau,2017,152
sau,2018,258
sdn,1967,33000
sdn,1968,38300
sdn,1969,37350
sdn,1970,60840
sdn,1971,60000
sdn,1972,49020
sdn,1973,50900
sdn,1974,53700
sdn,1975,95500
sdn,1976,110100
sdn,1977,150000
sdn,1978,270000
sdn,1979,351700
sdn,1980,493000
sdn,1981,553000
sdn,1982,637000
sdn,1983,690000
sdn,1984,971000
sdn,1985,1164000
sdn,1986,974200
sdn,1987,807070
sdn,1988,745000
sdn,1989,767729
sdn,1990,1031050
sdn,1991,729200
sdn,1992,725900
sdn,1993,745200
sdn,1994,727174
sdn,1995,674071
sdn,1996,393874
sdn,1997,374415
sdn,1998,391496
sdn,1999,390995
sdn,2000,414928
sdn,2001,349209
sdn,2002,328176
sdn,2003,138163
sdn,2004,141588
sdn,2005,147256
sdn,2006,196200
sdn,2007,222722
sdn,2008,181605
sdn,2009,186292
sdn,2010,178308
sdn,2011,139415
sdn,2012,152194
sdn,2013,159857
sdn,2014,277833
sdn,2015,309639
sdn,2016,421466
sdn,2017,906585
sdn,2018,1078275
sen,1963,6000
sen,1964,30000
sen,1965,50000
sen,1966,61400
sen,1967,59870
sen,1968,57210
sen,1969,68400
sen,1970,67060
sen,1971,80000
sen,1972,82000
sen,1973,84000
sen,1974,90000
sen,1975,46000
sen,1976,38000
sen,1977,5000
sen,1978,5000
sen,1979,5000
sen,1980,5000
sen,1981,4000
sen,1982,5250
sen,1983,5140
sen,1984,5200
sen,1985,5500
sen,1986,5510
sen,1987,5180
sen,1988,5203
sen,1989,53345
sen,1990,58113
sen,1991,71908
sen,1992,71620
sen,1993,73002
sen,1994,72994
sen,1995,66769
sen,1996,65044
sen,1997,57229
sen,1998,60823
sen,1999,21539
sen,2000,20766
sen,2001,20707
sen,2002,20711
sen,2003,20726
sen,2004,20804
sen,2005,20712
sen,2006,20591
sen,2007,20421
sen,2008,33193
sen,2009,22151
sen,2010,20672
sen,2011,20644
sen,2012,14237
sen,2013,14247
sen,2014,14274
sen,2015,14392
sen,2016,14584
sen,2017,14646
sen,2018,14349
sgp,1978,730
sgp,1979,900
sgp,1982,480
sgp,1983,290
sgp,1986,60
sgp,1987,320
sgp,1988,320
sgp,1989,480
sgp,1990,146
sgp,1991,166
sgp,1992,115
sgp,1993,11
sgp,1994,12
sgp,1995,112
sgp,1996,10
sgp,1997,5
sgp,1998,5
sgp,1999,1
sgp,2001,2
sgp,2002,2
sgp,2003,1
sgp,2004,1
sgp,2005,3
sgp,2006,1
sgp,2007,10
sgp,2008,10
sgp,2009,7
sgp,2010,7
sgp,2011,3
sgp,2012,3
sgp,2013,3
sgp,2014,3
slb,1995,2000
slb,1996,2000
slb,1997,800
slb,1998,210
slb,2014,3
slb,2015,3
sle,1969,500
sle,1976,170
sle,1977,150
sle,1978,50
sle,1979,60
sle,1982,120
sle,1983,150
sle,1984,180
sle,1985,160
sle,1986,170
sle,1987,90
sle,1988,60
sle,1990,125830
sle,1991,28036
sle,1992,5866
sle,1993,16279
sle,1994,15874
sle,1995,4675
sle,1996,13532
sle,1997,13011
sle,1998,9866
sle,1999,6570
sle,2000,6546
sle,2001,10501
sle,2002,63494
sle,2003,61194
sle,2004,65437
sle,2005,59965
sle,2006,27365
sle,2007,8795
sle,2008,7826
sle,2009,9051
sle,2010,8363
sle,2011,8092
sle,2012,4204
sle,2013,2817
sle,2014,1372
sle,2015,760
sle,2016,683
sle,2017,678
sle,2018,591
slv,1972,100
slv,1980,390
slv,1985,210
slv,1986,310
slv,1987,300
slv,1988,20350
slv,1989,20730
slv,1990,20300
slv,1991,20099
slv,1992,19903
slv,1993,163
slv,1994,156
slv,1995,154
slv,1996,150
slv,1997,109
slv,1998,33
slv,1999,24
slv,2000,59
slv,2001,69
slv,2002,74
slv,2003,246
slv,2004,235
slv,2005,49
slv,2006,39
slv,2007,39
slv,2008,32
slv,2009,30
slv,2010,38
slv,2011,38
slv,2012,45
slv,2013,44
slv,2014,35
slv,2015,48
slv,2016,45
slv,2017,34
slv,2018,34
som,1977,500000
som,1978,600000
som,1979,1175190
som,1980,2000000
som,1981,700000
som,1982,700000
som,1983,700000
som,1984,701300
som,1985,812000
som,1986,700000
som,1987,840100
som,1988,834000
som,1989,769630
som,1990,460000
som,1992,480
som,1993,399
som,1994,388
som,1995,626
som,1996,700
som,1997,622
som,1998,337
som,1999,130
som,2000,558
som,2001,589
som,2002,199
som,2003,368
som,2004,357
som,2005,493
som,2006,669
som,2007,901
som,2008,1842
som,2009,1815
som,2010,1937
som,2011,2099
som,2012,2309
som,2013,2425
som,2014,2729
som,2015,8081
som,2016,11574
som,2017,14563
som,2018,16733
srb,1965,25820
srb,1966,26100
srb,1967,26210
srb,1968,26270
srb,1969,26120
srb,1970,26120
srb,1971,24000
srb,1972,26700
srb,1973,26290
srb,1974,26300
srb,1975,26300
srb,1976,26000
srb,1977,2000
srb,1978,1970
srb,1979,1970
srb,1980,1970
srb,1981,1920
srb,1982,2030
srb,1983,2020
srb,1984,3150
srb,1985,3530
srb,1986,2180
srb,1987,1400
srb,1988,850
srb,1989,955
srb,1990,920
srb,1991,517
srb,1992,516430
srb,1993,479111
srb,1994,450700
srb,1995,650700
srb,1996,563215
srb,1997,550061
srb,1998,502037
srb,1999,501262
srb,2000,484391
srb,2001,400304
srb,2002,354402
srb,2003,291403
srb,2004,276683
srb,2005,148264
srb,2006,98997
srb,2007,97995
srb,2008,96739
srb,2009,86351
srb,2010,73608
srb,2011,70707
srb,2012,66370
srb,2013,57083
srb,2014,43712
srb,2015,35332
srb,2016,36522
srb,2017,32190
srb,2018,30862
ssd,2011,105023
ssd,2012,202581
ssd,2013,229587
ssd,2014,248152
ssd,2015,263016
ssd,2016,262560
ssd,2017,283400
ssd,2018,291833
sur,1992,52
sur,1993,50
sur,1994,39
sur,1997,11
sur,2007,1
sur,2008,1
sur,2009,1
sur,2010,1
sur,2015,1
sur,2016,1
sur,2017,33
sur,2018,36
svk,1993,1521
svk,1994,159
svk,1995,2339
svk,1996,1387
svk,1997,746
svk,1998,424
svk,1999,443
svk,2000,457
svk,2001,472
svk,2002,444
svk,2003,414
svk,2004,409
svk,2005,368
svk,2006,248
svk,2007,279
svk,2008,317
svk,2009,401
svk,2010,461
svk,2011,546
svk,2012,662
svk,2013,701
svk,2014,799
svk,2015,820
svk,2016,990
svk,2017,891
svk,2018,908
svn,1992,74100
svn,1993,45000
svn,1994,29156
svn,1995,22314
svn,1996,10014
svn,1997,5135
svn,1998,3465
svn,1999,4382
svn,2000,2816
svn,2001,2415
svn,2002,390
svn,2003,2069
svn,2004,304
svn,2005,251
svn,2006,254
svn,2007,263
svn,2008,268
svn,2009,289
svn,2010,314
svn,2011,142
svn,2012,176
svn,2013,213
svn,2014,257
svn,2015,292
svn,2016,462
svn,2017,595
svn,2018,726
swe,1951,44000
swe,1952,42000
swe,1953,37000
swe,1954,33000
swe,1955,28000
swe,1956,31000
swe,1957,33000
swe,1958,31000
swe,1959,28000
swe,1960,26000
swe,1961,26000
swe,1962,26000
swe,1963,26000
swe,1964,24000
swe,1965,22000
swe,1966,20000
swe,1967,18000
swe,1968,17000
swe,1969,17000
swe,1970,20000
swe,1971,20000
swe,1972,20000
swe,1973,20000
swe,1974,20000
swe,1975,20000
swe,1976,20000
swe,1977,20000
swe,1978,20000
swe,1979,20000
swe,1980,20000
swe,1981,20000
swe,1982,20000
swe,1983,43000
swe,1984,90600
swe,1985,90600
swe,1986,120000
swe,1987,130000
swe,1988,139783
swe,1989,139783
swe,1990,109663
swe,1991,124470
swe,1992,131073
swe,1993,162402
swe,1994,200791
swe,1995,199212
swe,1996,191171
swe,1997,186725
swe,1998,178795
swe,1999,159513
swe,2000,157220
swe,2001,146491
swe,2002,142193
swe,2003,112167
swe,2004,73408
swe,2005,74915
swe,2006,79913
swe,2007,75078
swe,2008,77038
swe,2009,81356
swe,2010,82629
swe,2011,86615
swe,2012,92872
swe,2013,114175
swe,2014,142207
swe,2015,169520
swe,2016,230164
swe,2017,240911
swe,2018,248165
swz,1970,135
swz,1971,50
swz,1972,80
swz,1973,100
swz,1974,50
swz,1975,50
swz,1976,80
swz,1977,135
swz,1978,720
swz,1979,5250
swz,1980,5470
swz,1981,5610
swz,1982,7350
swz,1983,6230
swz,1984,8980
swz,1985,10770
swz,1986,12130
swz,1987,14550
swz,1988,29430
swz,1989,34908
swz,1990,42074
swz,1991,49569
swz,1992,55580
swz,1993,48889
swz,1994,643
swz,1995,712
swz,1996,575
swz,1997,592
swz,1998,592
swz,1999,616
swz,2000,690
swz,2001,690
swz,2002,653
swz,2003,686
swz,2004,704
swz,2005,760
swz,2006,752
swz,2007,789
swz,2008,775
swz,2009,759
swz,2010,759
swz,2011,759
swz,2012,505
swz,2013,507
swz,2014,515
swz,2015,696
swz,2016,728
swz,2017,773
swz,2018,859
sxm,2010,1
sxm,2011,3
sxm,2012,3
sxm,2013,3
sxm,2014,3
sxm,2015,3
sxm,2016,3
sxm,2017,5
sxm,2018,5
syc,2016,2
syr,1978,170
syr,1979,200
syr,1980,350
syr,1981,1050
syr,1982,26570
syr,1983,40490
syr,1984,34230
syr,1985,47750
syr,1986,1330
syr,1988,280
syr,1990,4125
syr,1991,4210
syr,1992,6310
syr,1993,38715
syr,1994,40290
syr,1995,36222
syr,1996,27759
syr,1997,22704
syr,1998,20974
syr,1999,6474
syr,2000,3463
syr,2001,3351
syr,2002,2918
syr,2003,3681
syr,2004,15604
syr,2005,26089
syr,2006,702209
syr,2007,1503769
syr,2008,1105698
syr,2009,1054466
syr,2010,1005472
syr,2011,755445
syr,2012,476506
syr,2013,149292
syr,2014,149140
syr,2015,21113
syr,2016,19809
syr,2017,19423
syr,2018,18802
tca,2013,4
tca,2014,4
tca,2015,4
tca,2016,4
tcd,1992,70
tcd,1993,70
tcd,1994,109
tcd,1995,100
tcd,1996,100
tcd,1997,302
tcd,1998,8810
tcd,1999,23478
tcd,2000,17692
tcd,2001,12950
tcd,2002,33455
tcd,2003,146400
tcd,2004,259880
tcd,2005,275412
tcd,2006,286743
tcd,2007,294017
tcd,2008,330510
tcd,2009,338495
tcd,2010,347939
tcd,2011,366494
tcd,2012,373695
tcd,2013,434479
tcd,2014,452897
tcd,2015,369540
tcd,2016,391251
tcd,2017,411464
tcd,2018,451198
tgo,1961,5000
tgo,1962,5000
tgo,1963,5000
tgo,1964,5000
tgo,1965,5000
tgo,1969,200
tgo,1976,100
tgo,1982,200
tgo,1983,1770
tgo,1984,1800
tgo,1985,3050
tgo,1986,2610
tgo,1987,3460
tgo,1988,3422
tgo,1989,3401
tgo,1990,3477
tgo,1991,3406
tgo,1992,3353
tgo,1993,3280
tgo,1994,12370
tgo,1995,10876
tgo,1996,12589
tgo,1997,12682
tgo,1998,11816
tgo,1999,12113
tgo,2000,12223
tgo,2001,12257
tgo,2002,12294
tgo,2003,12395
tgo,2004,11285
tgo,2005,9287
tgo,2006,6328
tgo,2007,1328
tgo,2008,9377
tgo,2009,8531
tgo,2010,14051
tgo,2011,19270
tgo,2012,23540
tgo,2013,20613
tgo,2014,21778
tgo,2015,21953
tgo,2016,12491
tgo,2017,12424
tgo,2018,12330
tha,1975,75760
tha,1976,82870
tha,1977,97600
tha,1978,138950
tha,1979,151620
tha,1980,261360
tha,1981,192990
tha,1982,168980
tha,1983,144320
tha,1984,128500
tha,1985,130420
tha,1986,119920
tha,1987,112740
tha,1988,107799
tha,1989,99935
tha,1990,99821
tha,1991,88164
tha,1992,63625
tha,1993,119232
tha,1994,100817
tha,1995,106565
tha,1996,107962
tha,1997,169154
tha,1998,138332
tha,1999,100133
tha,2000,104965
tha,2001,110711
tha,2002,112614
tha,2003,119053
tha,2004,121139
tha,2005,117053
tha,2006,133117
tha,2007,125643
tha,2008,112932
tha,2009,105297
tha,2010,96675
tha,2011,89253
tha,2012,84479
tha,2013,136499
tha,2014,130238
tha,2015,108261
tha,2016,106447
tha,2017,104589
tha,2018,102214
tjk,1992,3000
tjk,1993,300
tjk,1994,695
tjk,1995,620
tjk,1996,1166
tjk,1997,2174
tjk,1998,3634
tjk,1999,4541
tjk,2000,15364
tjk,2001,15346
tjk,2002,3437
tjk,2003,3306
tjk,2004,1834
tjk,2005,1018
tjk,2006,929
tjk,2007,1133
tjk,2008,1799
tjk,2009,2679
tjk,2010,3131
tjk,2011,3323
tjk,2012,2248
tjk,2013,2048
tjk,2014,2026
tjk,2015,1969
tjk,2016,2729
tjk,2017,2516
tjk,2018,2649
tkm,1993,15400
tkm,1994,15400
tkm,1995,23323
tkm,1996,15580
tkm,1997,15787
tkm,1998,14625
tkm,1999,18464
tkm,2000,14188
tkm,2001,14005
tkm,2002,13693
tkm,2003,13511
tkm,2004,13253
tkm,2005,11963
tkm,2006,750
tkm,2007,125
tkm,2008,79
tkm,2009,60
tkm,2010,62
tkm,2011,59
tkm,2012,46
tkm,2013,45
tkm,2014,35
tkm,2015,26
tkm,2016,27
tkm,2017,22
tkm,2018,21
tls,2002,1
tls,2003,3
tls,2004,3
tls,2005,3
tls,2006,3
tls,2007,1
tls,2008,1
tls,2009,1
tls,2010,1
ton,2011,2
ton,2012,3
ton,2013,3
tto,2007,22
tto,2008,33
tto,2009,37
tto,2010,29
tto,2011,22
tto,2012,18
tto,2013,20
tto,2014,83
tto,2015,113
tto,2016,109
tto,2017,267
tto,2018,764
tun,1951,2000
tun,1954,2000
tun,1958,1000
tun,1959,1000
tun,1960,1000
tun,1961,1000
tun,1962,1000
tun,1963,1000
tun,1964,1000
tun,1965,500
tun,1968,1000
tun,1971,100
tun,1973,70
tun,1990,30
tun,1991,130
tun,1992,111
tun,1993,99
tun,1994,19
tun,1995,199
tun,1996,176
tun,1997,506
tun,1998,528
tun,1999,454
tun,2000,436
tun,2001,97
tun,2002,102
tun,2003,99
tun,2004,90
tun,2005,87
tun,2006,93
tun,2007,101
tun,2008,94
tun,2009,92
tun,2010,89
tun,2011,4097
tun,2012,1435
tun,2013,730
tun,2014,901
tun,2015,665
tun,2016,649
tun,2017,701
tun,2018,1051
tur,1951,2700
tur,1952,2000
tur,1953,2000
tur,1954,2500
tur,1955,2200
tur,1956,2100
tur,1957,2200
tur,1958,2150
tur,1959,2150
tur,1960,2200
tur,1961,2300
tur,1962,2300
tur,1963,2300
tur,1964,2300
tur,1965,2000
tur,1966,1900
tur,1967,1850
tur,1968,1980
tur,1969,1400
tur,1970,1170
tur,1971,1150
tur,1972,1160
tur,1973,1160
tur,1974,1060
tur,1975,1060
tur,1976,1060
tur,1977,1050
tur,1978,1070
tur,1979,1060
tur,1980,6100
tur,1981,1180
tur,1982,1670
tur,1983,1320
tur,1984,2600
tur,1985,1790
tur,1986,1920
tur,1987,2200
tur,1988,4450
tur,1989,33067
tur,1990,28000
tur,1991,30462
tur,1992,28477
tur,1993,23267
tur,1994,24927
tur,1995,12841
tur,1996,8166
tur,1997,2446
tur,1998,2528
tur,1999,2815
tur,2000,3103
tur,2001,3472
tur,2002,3301
tur,2003,2490
tur,2004,3033
tur,2005,2399
tur,2006,2633
tur,2007,6956
tur,2008,11103
tur,2009,10350
tur,2010,10032
tur,2011,14465
tur,2012,267063
tur,2013,609938
tur,2014,1587374
tur,2015,2541352
tur,2016,2869421
tur,2017,3480330
tur,2018,3681658
tza,1961,12000
tza,1962,12000
tza,1963,12000
tza,1964,25000
tza,1965,29000
tza,1966,33950
tza,1967,39800
tza,1968,46000
tza,1969,54550
tza,1970,71500
tza,1971,71240
tza,1972,165000
tza,1973,180860
tza,1974,193190
tza,1975,171160
tza,1976,154000
tza,1977,164610
tza,1978,160960
tza,1979,160820
tza,1980,159610
tza,1981,164180
tza,1982,158960
tza,1983,180100
tza,1984,179910
tza,1985,214480
tza,1986,223500
tza,1987,266200
tza,1988,265154
tza,1989,265128
tza,1990,265184
tza,1991,288103
tza,1992,292148
tza,1993,564520
tza,1994,883250
tza,1995,829671
tza,1996,498732
tza,1997,570367
tza,1998,543881
tza,1999,622203
tza,2000,680862
tza,2001,646900
tza,2002,689373
tza,2003,649770
tza,2004,602088
tza,2005,548824
tza,2006,485295
tza,2007,435630
tza,2008,321909
tza,2009,118731
tza,2010,109286
tza,2011,131243
tza,2012,101021
tza,2013,102099
tza,2014,88492
tza,2015,211845
tza,2016,281498
tza,2017,308528
tza,2018,278322
uga,1961,52000
uga,1962,52000
uga,1963,59000
uga,1964,113000
uga,1965,137400
uga,1966,156000
uga,1967,162760
uga,1968,175730
uga,1969,177260
uga,1970,179800
uga,1971,180920
uga,1972,166560
uga,1973,113900
uga,1974,118510
uga,1975,112630
uga,1976,112930
uga,1977,113570
uga,1978,113680
uga,1979,112680
uga,1980,113000
uga,1981,113000
uga,1982,113000
uga,1983,132970
uga,1984,151000
uga,1985,151000
uga,1986,144060
uga,1987,88670
uga,1988,103102
uga,1989,129961
uga,1990,145718
uga,1991,162521
uga,1992,196290
uga,1993,286500
uga,1994,286500
uga,1995,229350
uga,1996,264294
uga,1997,188513
uga,1998,204545
uga,1999,218191
uga,2000,236622
uga,2001,199736
uga,2002,217302
uga,2003,230903
uga,2004,250482
uga,2005,257256
uga,2006,272007
uga,2007,228959
uga,2008,162132
uga,2009,127345
uga,2010,135801
uga,2011,139448
uga,2012,197877
uga,2013,220555
uga,2014,385513
uga,2015,477187
uga,2016,940835
uga,2017,1350495
uga,2018,1165636
ukr,1994,5193
ukr,1995,5193
ukr,1996,3591
ukr,1997,4564
ukr,1998,6101
ukr,1999,2697
ukr,2000,2951
ukr,2001,2983
ukr,2002,2966
ukr,2003,2877
ukr,2004,2459
ukr,2005,2346
ukr,2006,2275
ukr,2007,7277
ukr,2008,7201
ukr,2009,7334
ukr,2010,3022
ukr,2011,3176
ukr,2012,2807
ukr,2013,2968
ukr,2014,3219
ukr,2015,3273
ukr,2016,3302
ukr,2017,3223
ukr,2018,2571
ury,1970,1500
ury,1971,1500
ury,1972,1500
ury,1974,1250
ury,1977,2000
ury,1978,2000
ury,1979,2000
ury,1980,1700
ury,1981,1700
ury,1982,60
ury,1983,150
ury,1985,110
ury,1986,70
ury,1987,110
ury,1988,110
ury,1989,110
ury,1990,87
ury,1991,81
ury,1992,90
ury,1993,138
ury,1994,113
ury,1995,132
ury,1996,138
ury,1997,133
ury,1998,163
ury,1999,87
ury,2000,79
ury,2001,90
ury,2002,99
ury,2003,91
ury,2004,97
ury,2005,121
ury,2006,125
ury,2007,140
ury,2008,145
ury,2009,168
ury,2010,189
ury,2011,174
ury,2012,181
ury,2013,203
ury,2014,272
ury,2015,301
ury,2016,312
ury,2017,316
ury,2018,349
usa,1951,350000
usa,1952,500000
usa,1953,500000
usa,1954,500000
usa,1955,500000
usa,1956,500000
usa,1957,500000
usa,1958,500000
usa,1959,500000
usa,1960,500000
usa,1961,500000
usa,1962,500000
usa,1963,500000
usa,1964,500000
usa,1965,510000
usa,1966,500000
usa,1967,480000
usa,1968,498000
usa,1969,500000
usa,1970,500000
usa,1971,530000
usa,1972,530000
usa,1973,530000
usa,1974,530000
usa,1975,530000
usa,1976,500000
usa,1977,684700
usa,1978,734000
usa,1979,734000
usa,1980,403684
usa,1981,537375
usa,1982,620257
usa,1983,655532
usa,1984,626909
usa,1985,492806
usa,1986,398633
usa,1987,365726
usa,1988,377771
usa,1989,411498
usa,1990,464887
usa,1991,513882
usa,1992,579952
usa,1993,623069
usa,1994,631051
usa,1995,623294
usa,1996,607024
usa,1997,563837
usa,1998,533969
usa,1999,521143
usa,2000,508222
usa,2001,515853
usa,2002,485171
usa,2003,452548
usa,2004,420858
usa,2005,379340
usa,2006,843490
usa,2007,281216
usa,2008,279549
usa,2009,275459
usa,2010,264569
usa,2011,264763
usa,2012,262023
usa,2013,263662
usa,2014,267222
usa,2015,273202
usa,2016,272959
usa,2017,287093
usa,2018,313182
uzb,1993,8000
uzb,1994,8001
uzb,1995,2627
uzb,1996,2900
uzb,1997,3159
uzb,1998,1071
uzb,1999,1014
uzb,2000,38350
uzb,2001,39579
uzb,2002,44936
uzb,2003,44682
uzb,2004,44455
uzb,2005,43950
uzb,2006,1415
uzb,2007,1054
uzb,2008,821
uzb,2009,555
uzb,2010,311
uzb,2011,214
uzb,2012,176
uzb,2013,141
uzb,2014,125
uzb,2015,107
uzb,2016,27
uzb,2017,20
uzb,2018,13
various_unknown,1951,158800
various_unknown,1952,165000
various_unknown,1953,168000
various_unknown,1954,168000
various_unknown,1955,170900
various_unknown,1956,167100
various_unknown,1957,159700
various_unknown,1958,144000
various_unknown,1959,154000
various_unknown,1960,152000
various_unknown,1961,147200
various_unknown,1962,142300
various_unknown,1963,125800
various_unknown,1964,125030
various_unknown,1965,262000
various_unknown,1966,137140
various_unknown,1967,180050
various_unknown,1968,150010
various_unknown,1969,97520
various_unknown,1970,21000
various_unknown,1971,828000
various_unknown,1972,724720
various_unknown,1973,578750
various_unknown,1974,633490
various_unknown,1975,754120
various_unknown,1976,603300
various_unknown,1977,123200
various_unknown,1978,152040
various_unknown,1979,169490
various_unknown,1980,167650
various_unknown,1981,103130
various_unknown,1982,101050
various_unknown,1983,101080
various_unknown,1984,171020
various_unknown,1985,164000
various_unknown,1986,605400
various_unknown,1987,459400
various_unknown,1988,5620
various_unknown,1989,6358
various_unknown,1990,5284
various_unknown,1991,5992
various_unknown,1992,19011
ven,1969,15000
ven,1970,15000
ven,1971,15000
ven,1972,14700
ven,1973,15400
ven,1974,14350
ven,1977,16000
ven,1978,16000
ven,1979,16000
ven,1980,17800
ven,1981,17000
ven,1982,850
ven,1983,1100
ven,1984,1420
ven,1985,1890
ven,1986,1800
ven,1987,1900
ven,1988,2007
ven,1989,2118
ven,1990,1750
ven,1991,1720
ven,1992,1990
ven,1993,2221
ven,1994,2177
ven,1995,1613
ven,1996,1596
ven,1997,301
ven,1998,158
ven,1999,188
ven,2000,132
ven,2001,59
ven,2002,58
ven,2003,58
ven,2004,244
ven,2005,408
ven,2006,720
ven,2007,200907
ven,2008,201161
ven,2009,201313
ven,2010,201547
ven,2011,202022
ven,2012,203644
ven,2013,204340
ven,2014,173600
ven,2015,173754
ven,2016,172053
ven,2017,122782
ven,2018,67253
vgb,2010,2
vgb,2011,2
vgb,2012,2
vnm,1971,57000
vnm,1972,55000
vnm,1973,35000
vnm,1977,60000
vnm,1978,150000
vnm,1979,35000
vnm,1980,33000
vnm,1981,30000
vnm,1982,25960
vnm,1983,21070
vnm,1984,21000
vnm,1985,25000
vnm,1986,27200
vnm,1987,25000
vnm,1988,27000
vnm,1989,23060
vnm,1990,21150
vnm,1991,20148
vnm,1992,16263
vnm,1993,5084
vnm,1994,5000
vnm,1995,34400
vnm,1996,34400
vnm,1997,15000
vnm,1998,15000
vnm,1999,15000
vnm,2000,15945
vnm,2001,15945
vnm,2002,15945
vnm,2003,15360
vnm,2004,2360
vnm,2005,2357
vnm,2006,2357
vnm,2007,2357
vnm,2008,2357
vnm,2009,2357
vnm,2010,1928
vnm,2011,990
vut,2007,1
vut,2008,3
vut,2009,4
vut,2010,4
vut,2012,2
vut,2013,2
wsm,2016,3
yem,1977,50
yem,1978,15050
yem,1979,15360
yem,1980,15550
yem,1981,1030
yem,1982,1400
yem,1983,3680
yem,1984,4280
yem,1985,5000
yem,1986,105000
yem,1987,73000
yem,1988,78157
yem,1989,80130
yem,1990,2938
yem,1991,29977
yem,1992,59680
yem,1993,54450
yem,1994,48306
yem,1995,53453
yem,1996,53546
yem,1997,40964
yem,1998,61382
yem,1999,60477
yem,2000,60545
yem,2001,69468
yem,2002,82803
yem,2003,61881
yem,2004,66384
yem,2005,81937
yem,2006,95794
yem,2007,117363
yem,2008,140169
yem,2009,170854
yem,2010,190092
yem,2011,214740
yem,2012,237182
yem,2013,241288
yem,2014,257645
yem,2015,267173
yem,2016,269783
yem,2017,270902
yem,2018,264349
zaf,1993,250000
zaf,1994,91894
zaf,1995,101408
zaf,1996,22645
zaf,1997,6819
zaf,1998,8388
zaf,1999,14538
zaf,2000,15063
zaf,2001,18605
zaf,2002,23344
zaf,2003,26558
zaf,2004,27683
zaf,2005,29714
zaf,2006,35086
zaf,2007,36736
zaf,2008,43546
zaf,2009,47974
zaf,2010,57899
zaf,2011,57899
zaf,2012,65233
zaf,2013,65987
zaf,2014,112192
zaf,2015,121645
zaf,2016,91043
zaf,2017,88694
zaf,2018,89285
zmb,1965,5000
zmb,1966,6290
zmb,1967,10710
zmb,1968,13190
zmb,1969,12640
zmb,1970,16000
zmb,1971,17000
zmb,1972,25000
zmb,1973,37310
zmb,1974,40430
zmb,1975,36050
zmb,1976,34070
zmb,1977,64900
zmb,1978,79140
zmb,1979,57790
zmb,1980,36410
zmb,1981,40560
zmb,1982,89110
zmb,1983,103000
zmb,1984,96480
zmb,1985,103780
zmb,1986,138270
zmb,1987,144100
zmb,1988,143568
zmb,1989,137180
zmb,1990,138049
zmb,1991,140676
zmb,1992,142104
zmb,1993,141126
zmb,1994,141126
zmb,1995,129965
zmb,1996,131139
zmb,1997,165072
zmb,1998,168564
zmb,1999,206386
zmb,2000,250940
zmb,2001,284173
zmb,2002,246765
zmb,2003,226697
zmb,2004,173907
zmb,2005,155718
zmb,2006,120253
zmb,2007,112931
zmb,2008,83485
zmb,2009,56785
zmb,2010,47857
zmb,2011,45632
zmb,2012,25653
zmb,2013,23594
zmb,2014,25578
zmb,2015,26447
zmb,2016,29350
zmb,2017,41266
zmb,2018,49872
zwe,1980,50
zwe,1981,5100
zwe,1982,20200
zwe,1983,50390
zwe,1984,50500
zwe,1985,62800
zwe,1986,65180
zwe,1987,123610
zwe,1988,174483
zwe,1989,175350
zwe,1990,190950
zwe,1991,197627
zwe,1992,237713
zwe,1993,100482
zwe,1994,2199
zwe,1995,514
zwe,1996,595
zwe,1997,806
zwe,1998,1655
zwe,1999,2071
zwe,2000,4127
zwe,2001,8706
zwe,2002,9432
zwe,2003,12721
zwe,2004,6884
zwe,2005,13850
zwe,2006,3519
zwe,2007,3981
zwe,2008,3468
zwe,2009,3995
zwe,2010,4435
zwe,2011,4561
zwe,2012,4356
zwe,2013,6389
zwe,2014,6079
zwe,2015,6950
zwe,2016,7426
zwe,2017,7566
zwe,2018,7790